#pragma once
#include <Adafruit_GFX.h>

const uint8_t DSDIGI48pt7bBitmaps[] PROGMEM = {
  0x00, 0x04, 0x31, 0xC7, 0x3D, 0xFF, 0xFF, 0xFF, 0xFF, 0xFF, 0xFF, 0xFF,
  0xFF, 0xFF, 0xFF, 0xFF, 0xFF, 0xFF, 0xFF, 0xFD, 0xF7, 0xCE, 0x10, 0x00,
  0x04, 0x39, 0xF7, 0xFF, 0xFF, 0xFF, 0xFF, 0xFF, 0xFF, 0xFF, 0xFF, 0xFF,
  0xFF, 0xFF, 0xFF, 0xFF, 0xFD, 0xF3, 0xC7, 0x0C, 0x10, 0x00, 0x00, 0x0F,
  0xFF, 0xFF, 0xFF, 0xFF, 0xFC, 0x3F, 0xFC, 0x3F, 0xFC, 0x3F, 0xFC, 0x3F,
  0xFC, 0x3F, 0xFC, 0x3F, 0xFC, 0x3F, 0xFC, 0x3F, 0xFC, 0x3F, 0xFC, 0x3F,
  0xFC, 0x3F, 0xFC, 0x3F, 0x78, 0x1E, 0x78, 0x1E, 0x30, 0x0C, 0x00, 0x02,
  0x00, 0x10, 0x00, 0x00, 0x01, 0xC0, 0x0E, 0x00, 0x00, 0x00, 0xF8, 0x07,
  0xC0, 0x00, 0x00, 0x7F, 0x03, 0xF0, 0x00, 0x00, 0x1F, 0xC0, 0xFC, 0x00,
  0x00, 0x07, 0xF0, 0x3F, 0x00, 0x00, 0x01, 0xFC, 0x0F, 0xC0, 0x00, 0x00,
  0x7F, 0x03, 0xF0, 0x00, 0x00, 0x1F, 0xC0, 0xFC, 0x00, 0x00, 0x07, 0xF0,
  0x3F, 0x00, 0x00, 0x01, 0xFC, 0x0F, 0xC0, 0x00, 0x00, 0x7F, 0x03, 0xF0,
  0x00, 0x00, 0x1F, 0xC0, 0xFC, 0x00, 0x00, 0x07, 0xF0, 0x3F, 0x00, 0x00,
  0x00, 0xF8, 0x07, 0x80, 0x00, 0xFF, 0x9C, 0xFC, 0xC7, 0xF8, 0x7F, 0xF2,
  0x7F, 0x83, 0xFF, 0x3F, 0xFE, 0x3F, 0xF1, 0xFF, 0xE7, 0xFF, 0x8F, 0xF8,
  0x7F, 0xF8, 0xFF, 0x89, 0xFC, 0x4F, 0xFC, 0x1F, 0xC7, 0x3E, 0x39, 0xFE,
  0x00, 0x03, 0xE0, 0x1F, 0x00, 0x00, 0x01, 0xFC, 0x0F, 0xC0, 0x00, 0x00,
  0x7F, 0x03, 0xF0, 0x00, 0x00, 0x1F, 0xC0, 0xFC, 0x00, 0x00, 0x07, 0xF0,
  0x3F, 0x00, 0x00, 0x01, 0xFC, 0x0F, 0xC0, 0x00, 0x00, 0x7F, 0x03, 0xF0,
  0x00, 0x00, 0x0F, 0x80, 0xFC, 0x00, 0x07, 0xF1, 0xC7, 0x9E, 0x7F, 0x83,
  0xFE, 0x23, 0xF3, 0x3F, 0xF1, 0xFF, 0xC1, 0xFE, 0x1F, 0xFE, 0xFF, 0xF8,
  0xFF, 0xCF, 0xFF, 0xDF, 0xFC, 0x1F, 0xE1, 0xFF, 0xE3, 0xFE, 0x23, 0xF3,
  0x3F, 0xF0, 0x7F, 0x1C, 0x79, 0xE7, 0xF8, 0x00, 0x0F, 0x80, 0xFC, 0x00,
  0x00, 0x07, 0xF0, 0x3F, 0x00, 0x00, 0x01, 0xFC, 0x0F, 0xC0, 0x00, 0x00,
  0x7F, 0x03, 0xF0, 0x00, 0x00, 0x1F, 0xC0, 0xFC, 0x00, 0x00, 0x07, 0xF0,
  0x3F, 0x00, 0x00, 0x01, 0xFC, 0x0F, 0xC0, 0x00, 0x00, 0x7F, 0x03, 0xF0,
  0x00, 0x00, 0x1F, 0xC0, 0xFC, 0x00, 0x00, 0x07, 0xF0, 0x3F, 0x00, 0x00,
  0x01, 0xFC, 0x0F, 0xC0, 0x00, 0x00, 0x3E, 0x01, 0xF0, 0x00, 0x00, 0x07,
  0x00, 0x38, 0x00, 0x00, 0x00, 0x80, 0x04, 0x00, 0x00, 0x00, 0x00, 0x60,
  0x00, 0x00, 0x00, 0x0F, 0x00, 0x00, 0x00, 0x01, 0xF8, 0x00, 0x00, 0x00,
  0x1F, 0x80, 0x00, 0x00, 0x01, 0xF8, 0x00, 0x00, 0x00, 0x1F, 0x80, 0x00,
  0x00, 0x01, 0xF8, 0x00, 0x00, 0x00, 0x1F, 0x80, 0x00, 0x00, 0x01, 0xF8,
  0x00, 0x00, 0x00, 0x1F, 0x80, 0x00, 0x00, 0x01, 0xF8, 0x00, 0x00, 0x00,
  0x00, 0x00, 0x00, 0x00, 0x00, 0x00, 0x00, 0x00, 0x1F, 0xFF, 0xFF, 0xF8,
  0x03, 0xFF, 0xFF, 0xFF, 0xC0, 0x7F, 0xFF, 0xFF, 0xFF, 0x07, 0xFF, 0xFF,
  0xFF, 0xE0, 0x3F, 0xFF, 0xFF, 0xFC, 0x31, 0xFF, 0xFF, 0xFF, 0xC7, 0x80,
  0x00, 0x00, 0x00, 0xFC, 0x00, 0x00, 0x00, 0x0F, 0xC0, 0x00, 0x00, 0x00,
  0xFC, 0x00, 0x00, 0x00, 0x0F, 0xC0, 0x00, 0x00, 0x00, 0xFC, 0x00, 0x00,
  0x00, 0x0F, 0xC0, 0x00, 0x00, 0x00, 0xFC, 0x00, 0x00, 0x00, 0x0F, 0xC0,
  0x00, 0x00, 0x00, 0xFC, 0x00, 0x00, 0x00, 0x0F, 0xC0, 0x00, 0x00, 0x00,
  0xFC, 0x00, 0x00, 0x00, 0x0F, 0xC0, 0x00, 0x00, 0x00, 0xFC, 0x00, 0x00,
  0x00, 0x0F, 0xC0, 0x00, 0x00, 0x00, 0xFC, 0x00, 0x00, 0x00, 0x0F, 0xC0,
  0x00, 0x00, 0x00, 0xFC, 0x00, 0x00, 0x00, 0x0F, 0xC0, 0x00, 0x00, 0x00,
  0xF8, 0x00, 0x00, 0x00, 0x0F, 0x00, 0x00, 0x00, 0x00, 0x71, 0xFF, 0xFF,
  0xF8, 0x02, 0x3F, 0xFF, 0xFF, 0xC0, 0x0F, 0xFF, 0xFF, 0xFE, 0x00, 0xFF,
  0xFF, 0xFF, 0xF0, 0x03, 0xFF, 0xFF, 0xFC, 0x00, 0x1F, 0xFF, 0xFF, 0x86,
  0x00, 0x00, 0x00, 0x00, 0xF0, 0x00, 0x00, 0x00, 0x1F, 0x00, 0x00, 0x00,
  0x03, 0xF0, 0x00, 0x00, 0x00, 0x3F, 0x00, 0x00, 0x00, 0x03, 0xF0, 0x00,
  0x00, 0x00, 0x3F, 0x00, 0x00, 0x00, 0x03, 0xF0, 0x00, 0x00, 0x00, 0x3F,
  0x00, 0x00, 0x00, 0x03, 0xF0, 0x00, 0x00, 0x00, 0x3F, 0x00, 0x00, 0x00,
  0x03, 0xF0, 0x00, 0x00, 0x00, 0x3F, 0x00, 0x00, 0x00, 0x03, 0xF0, 0x00,
  0x00, 0x00, 0x3F, 0x00, 0x00, 0x00, 0x03, 0xF0, 0x00, 0x00, 0x00, 0x3F,
  0x00, 0x00, 0x00, 0x03, 0xF0, 0x00, 0x00, 0x00, 0x3F, 0x00, 0x00, 0x00,
  0x03, 0xF0, 0x00, 0x00, 0x00, 0x3F, 0x00, 0x00, 0x00, 0x01, 0xE3, 0xFF,
  0xFF, 0xFF, 0x8C, 0x7F, 0xFF, 0xFF, 0xFC, 0x87, 0xFF, 0xFF, 0xFF, 0xE0,
  0xFF, 0xFF, 0xFF, 0xFE, 0x03, 0xFF, 0xFF, 0xFF, 0xC0, 0x1F, 0xFF, 0xFF,
  0xF8, 0x00, 0x00, 0x00, 0x00, 0x00, 0x00, 0x01, 0xF8, 0x00, 0x00, 0x00,
  0x1F, 0x80, 0x00, 0x00, 0x01, 0xF8, 0x00, 0x00, 0x00, 0x1F, 0x80, 0x00,
  0x00, 0x01, 0xF8, 0x00, 0x00, 0x00, 0x1F, 0x80, 0x00, 0x00, 0x01, 0xF8,
  0x00, 0x00, 0x00, 0x1F, 0x80, 0x00, 0x00, 0x00, 0xF0, 0x00, 0x00, 0x00,
  0x06, 0x00, 0x00, 0x00, 0x00, 0x00, 0x00, 0x00, 0x01, 0xFE, 0x00, 0x00,
  0x00, 0x70, 0x07, 0xFE, 0x00, 0x00, 0x0F, 0xC0, 0x1F, 0xFE, 0x00, 0x00,
  0x7F, 0x80, 0x3F, 0xFC, 0x00, 0x00, 0xFE, 0x01, 0x3F, 0xF2, 0x00, 0x03,
  0xFC, 0x07, 0x3F, 0xCE, 0x00, 0x0F, 0xF0, 0x1F, 0x00, 0x3E, 0x00, 0x1F,
  0xC0, 0x7F, 0x00, 0x7E, 0x00, 0x7F, 0x80, 0xFE, 0x00, 0xFC, 0x00, 0xFE,
  0x01, 0xFC, 0x01, 0xF8, 0x03, 0xFC, 0x03, 0xF8, 0x03, 0xF0, 0x07, 0xF0,
  0x07, 0xF0, 0x07, 0xE0, 0x1F, 0xC0, 0x0F, 0xE0, 0x0F, 0xC0, 0x7F, 0x80,
  0x1F, 0xC0, 0x1F, 0x80, 0xFE, 0x00, 0x3F, 0x80, 0x3F, 0x03, 0xFC, 0x00,
  0x7F, 0x00, 0x7E, 0x07, 0xF0, 0x00, 0xFE, 0x00, 0xFC, 0x1F, 0xE0, 0x01,
  0xFC, 0x01, 0xF8, 0x3F, 0x80, 0x03, 0xF8, 0x03, 0xF0, 0xFE, 0x00, 0x03,
  0xE0, 0x07, 0xE3, 0xFC, 0x00, 0x03, 0x9F, 0xE7, 0x87, 0xF0, 0x00, 0x02,
  0x7F, 0xE6, 0x1F, 0xE0, 0x00, 0x01, 0xFF, 0xE0, 0x3F, 0x80, 0x00, 0x07,
  0xFF, 0xE0, 0x7E, 0x00, 0x00, 0x07, 0xFF, 0x80, 0x7C, 0x00, 0x00, 0x07,
  0xFE, 0x00, 0xF0, 0x00, 0x00, 0x07, 0xF8, 0x01, 0xC0, 0x00, 0x00, 0x00,
  0x00, 0x00, 0x00, 0x00, 0x00, 0x00, 0x00, 0x00, 0x00, 0x00, 0x00, 0x00,
  0x00, 0x00, 0x00, 0x00, 0x00, 0x00, 0x03, 0xE0, 0x00, 0x00, 0x00, 0x00,
  0x0F, 0xC0, 0x00, 0x00, 0x00, 0x00, 0x3F, 0x80, 0x00, 0x00, 0x00, 0x00,
  0xFF, 0x01, 0xFE, 0x00, 0x00, 0x01, 0xFC, 0x07, 0xFE, 0x00, 0x00, 0x07,
  0xF8, 0x1F, 0xFE, 0x00, 0x00, 0x0F, 0xE0, 0x3F, 0xFC, 0x00, 0x00, 0x3F,
  0x80, 0x3F, 0xF2, 0x00, 0x00, 0x7F, 0x06, 0x3F, 0xCE, 0x00, 0x01, 0xFC,
  0x1E, 0x00, 0x3E, 0x00, 0x07, 0xF8, 0x7E, 0x00, 0xFE, 0x00, 0x0F, 0xE0,
  0xFC, 0x01, 0xFC, 0x00, 0x3F, 0xC1, 0xF8, 0x03, 0xF8, 0x00, 0x7F, 0x03,
  0xF0, 0x07, 0xF0, 0x01, 0xFC, 0x07, 0xE0, 0x0F, 0xE0, 0x07, 0xF8, 0x0F,
  0xC0, 0x1F, 0xC0, 0x0F, 0xE0, 0x1F, 0x80, 0x3F, 0x80, 0x3F, 0xC0, 0x3F,
  0x00, 0x7F, 0x00, 0x7F, 0x00, 0x7E, 0x00, 0xFE, 0x01, 0xFE, 0x00, 0xFC,
  0x01, 0xFC, 0x03, 0xF8, 0x01, 0xF8, 0x03, 0xF8, 0x0F, 0xE0, 0x03, 0xF0,
  0x07, 0xF0, 0x0F, 0xC0, 0x07, 0xE0, 0x0F, 0xE0, 0x1F, 0x00, 0x07, 0x80,
  0x0F, 0x80, 0x3E, 0x00, 0x06, 0x3F, 0xC6, 0x00, 0x38, 0x00, 0x00, 0xFF,
  0xC0, 0x00, 0x70, 0x00, 0x03, 0xFF, 0xC0, 0x00, 0xC0, 0x00, 0x07, 0xFF,
  0x80, 0x01, 0x00, 0x00, 0x07, 0xFE, 0x00, 0x00, 0x00, 0x00, 0x07, 0xF8,
  0x00, 0x01, 0xFF, 0xFF, 0xF8, 0x00, 0x01, 0xFF, 0xFF, 0xFE, 0x00, 0x01,
  0xFF, 0xFF, 0xFF, 0x80, 0x00, 0xFF, 0xFF, 0xFF, 0xC0, 0x00, 0x3F, 0xFF,
  0xFF, 0xC0, 0x01, 0x8F, 0xFF, 0xFF, 0xC0, 0x01, 0xE0, 0x00, 0x00, 0x00,
  0x01, 0xF8, 0x00, 0x00, 0x00, 0x00, 0xFC, 0x00, 0x00, 0x00, 0x00, 0x7E,
  0x00, 0x00, 0x00, 0x00, 0x3F, 0x00, 0x00, 0x00, 0x00, 0x1F, 0x80, 0x00,
  0x00, 0x00, 0x0F, 0xC0, 0x00, 0x00, 0x00, 0x07, 0xE0, 0x00, 0x00, 0x00,
  0x03, 0xF0, 0x00, 0x00, 0x00, 0x01, 0xF8, 0x00, 0x00, 0x00, 0x00, 0xFC,
  0x00, 0x00, 0x00, 0xC0, 0x7E, 0x00, 0x00, 0x00, 0xF0, 0x3F, 0x00, 0x00,
  0x00, 0xFC, 0x1F, 0x80, 0x00, 0x00, 0x7E, 0x0F, 0xC0, 0x00, 0x00, 0x3F,
  0x07, 0xE0, 0x00, 0x00, 0x1F, 0x83, 0xF0, 0x00, 0x00, 0x0F, 0xC1, 0xF8,
  0x00, 0x00, 0x07, 0xE0, 0xFC, 0x00, 0x00, 0x03, 0xF0, 0x7E, 0x00, 0x00,
  0x00, 0xF8, 0x3E, 0x00, 0x00, 0x00, 0x7C, 0x0E, 0x7F, 0xFF, 0xFF, 0x9C,
  0x42, 0x7F, 0xFF, 0xFF, 0xE4, 0x70, 0x7F, 0xFF, 0xFF, 0xF8, 0xFC, 0x3F,
  0xFF, 0xFF, 0xFE, 0x7E, 0x4F, 0xFF, 0xFF, 0xFC, 0x8E, 0x73, 0xFF, 0xFF,
  0xFC, 0xE2, 0x7C, 0x00, 0x00, 0x00, 0xF8, 0x3F, 0x00, 0x00, 0x00, 0x7C,
  0x1F, 0x80, 0x00, 0x00, 0x7E, 0x0F, 0xC0, 0x00, 0x00, 0x3F, 0x07, 0xE0,
  0x00, 0x00, 0x1F, 0x83, 0xF0, 0x00, 0x00, 0x0F, 0xC1, 0xF8, 0x00, 0x00,
  0x07, 0xE0, 0xFC, 0x00, 0x00, 0x03, 0xF0, 0x7E, 0x00, 0x00, 0x01, 0xF8,
  0x3F, 0x00, 0x00, 0x00, 0xFC, 0x1F, 0x80, 0x00, 0x00, 0x7E, 0x0F, 0xC0,
  0x00, 0x00, 0x3F, 0x07, 0xE0, 0x00, 0x00, 0x1F, 0x83, 0xF0, 0x00, 0x00,
  0x0F, 0xC1, 0xF8, 0x00, 0x00, 0x07, 0xE0, 0xFC, 0x00, 0x00, 0x03, 0xF0,
  0x7E, 0x00, 0x00, 0x01, 0xF8, 0x3F, 0x00, 0x00, 0x00, 0xFC, 0x1F, 0x80,
  0x00, 0x00, 0x7E, 0x07, 0x80, 0x00, 0x00, 0x3F, 0x01, 0x80, 0x00, 0x00,
  0x0F, 0x00, 0x07, 0xFF, 0xFF, 0xE3, 0x00, 0x07, 0xFF, 0xFF, 0xF9, 0x00,
  0x07, 0xFF, 0xFF, 0xFE, 0x00, 0x03, 0xFF, 0xFF, 0xFF, 0x00, 0x00, 0xFF,
  0xFF, 0xFF, 0x00, 0x00, 0x3F, 0xFF, 0xFF, 0x00, 0x00, 0xFF, 0xFF, 0xFF,
  0xFF, 0xFF, 0xFF, 0xFF, 0xFF, 0xFF, 0x79, 0xE3, 0x00, 0x01, 0xFF, 0xE0,
  0x3F, 0xFC, 0x07, 0xFF, 0x80, 0x7F, 0xF0, 0x03, 0xFE, 0x03, 0x1F, 0xC0,
  0x78, 0x00, 0x0F, 0xC0, 0x00, 0xFC, 0x00, 0x0F, 0xC0, 0x00, 0xFC, 0x00,
  0x0F, 0xC0, 0x00, 0xFC, 0x00, 0x0F, 0xC0, 0x00, 0xFC, 0x00, 0x0F, 0xC0,
  0x00, 0xFC, 0x00, 0x0F, 0xC0, 0x00, 0xFC, 0x00, 0x0F, 0xC0, 0x00, 0xFC,
  0x00, 0x0F, 0xC0, 0x00, 0xFC, 0x00, 0x0F, 0xC0, 0x00, 0xFC, 0x00, 0x0F,
  0xC0, 0x00, 0xF8, 0x00, 0x07, 0x00, 0x00, 0x20, 0x00, 0x00, 0x00, 0x00,
  0x00, 0x00, 0x02, 0x00, 0x00, 0x70, 0x00, 0x0F, 0x80, 0x00, 0xF8, 0x00,
  0x0F, 0xC0, 0x00, 0xFC, 0x00, 0x0F, 0xC0, 0x00, 0xFC, 0x00, 0x0F, 0xC0,
  0x00, 0xFC, 0x00, 0x0F, 0xC0, 0x00, 0xFC, 0x00, 0x0F, 0xC0, 0x00, 0xFC,
  0x00, 0x0F, 0xC0, 0x00, 0xFC, 0x00, 0x0F, 0xC0, 0x00, 0xFC, 0x00, 0x0F,
  0xC0, 0x00, 0xFC, 0x00, 0x0F, 0xC0, 0x00, 0xFC, 0x00, 0x07, 0x80, 0x00,
  0x31, 0xFC, 0x02, 0x3F, 0xE0, 0x07, 0xFF, 0x00, 0x7F, 0xF8, 0x03, 0xFF,
  0xC0, 0x1F, 0xFE, 0x7F, 0xF8, 0x03, 0xFF, 0xC0, 0x1F, 0xFE, 0x00, 0xFF,
  0xE0, 0x07, 0xFC, 0x00, 0x3F, 0x8C, 0x00, 0x01, 0xE0, 0x00, 0x3F, 0x00,
  0x03, 0xF0, 0x00, 0x3F, 0x00, 0x03, 0xF0, 0x00, 0x3F, 0x00, 0x03, 0xF0,
  0x00, 0x3F, 0x00, 0x03, 0xF0, 0x00, 0x3F, 0x00, 0x03, 0xF0, 0x00, 0x3F,
  0x00, 0x03, 0xF0, 0x00, 0x3F, 0x00, 0x03, 0xF0, 0x00, 0x3F, 0x00, 0x03,
  0xF0, 0x00, 0x3F, 0x00, 0x03, 0xF0, 0x00, 0x3F, 0x00, 0x01, 0xF0, 0x00,
  0x0E, 0x00, 0x00, 0x40, 0x00, 0x00, 0x00, 0x00, 0x00, 0x00, 0x04, 0x00,
  0x00, 0xE0, 0x00, 0x1F, 0x00, 0x01, 0xF0, 0x00, 0x3F, 0x00, 0x03, 0xF0,
  0x00, 0x3F, 0x00, 0x03, 0xF0, 0x00, 0x3F, 0x00, 0x03, 0xF0, 0x00, 0x3F,
  0x00, 0x03, 0xF0, 0x00, 0x3F, 0x00, 0x03, 0xF0, 0x00, 0x3F, 0x00, 0x03,
  0xF0, 0x00, 0x3F, 0x00, 0x03, 0xF0, 0x00, 0x3F, 0x00, 0x03, 0xF0, 0x00,
  0x3F, 0x00, 0x03, 0xF0, 0x00, 0x1E, 0x03, 0xF8, 0xC0, 0x7F, 0xC8, 0x0F,
  0xFE, 0x01, 0xFF, 0xE0, 0x3F, 0xFC, 0x07, 0xFF, 0x80, 0x00, 0x0C, 0x00,
  0x00, 0x03, 0xC0, 0x00, 0x00, 0xFC, 0x00, 0x00, 0x1F, 0x80, 0x00, 0x03,
  0xF0, 0x00, 0x00, 0x7E, 0x00, 0x00, 0x0F, 0xC0, 0x07, 0xC1, 0xF8, 0x3C,
  0xFE, 0x3F, 0x1F, 0xEF, 0xF3, 0xC7, 0xF9, 0xFE, 0x79, 0xFF, 0x3F, 0xE6,
  0x3F, 0xE1, 0xFE, 0xCF, 0xF8, 0x0F, 0xE3, 0xF8, 0x00, 0x00, 0x00, 0x00,
  0x00, 0x00, 0x00, 0x07, 0xF3, 0xF8, 0x03, 0xFC, 0x3F, 0x80, 0xFF, 0xB7,
  0xFC, 0x3F, 0xE6, 0x7F, 0xC7, 0xFD, 0xEF, 0xF8, 0xFF, 0x3C, 0xFF, 0x3F,
  0xCF, 0xCF, 0xF7, 0xF1, 0xF8, 0x7E, 0x18, 0x3F, 0x06, 0x00, 0x07, 0xE0,
  0x00, 0x00, 0xFC, 0x00, 0x00, 0x1F, 0x80, 0x00, 0x03, 0xF0, 0x00, 0x00,
  0x3C, 0x00, 0x00, 0x03, 0x00, 0x00, 0x00, 0x06, 0x00, 0x00, 0x00, 0xF0,
  0x00, 0x00, 0x1F, 0x80, 0x00, 0x01, 0xF8, 0x00, 0x00, 0x1F, 0x80, 0x00,
  0x01, 0xF8, 0x00, 0x00, 0x1F, 0x80, 0x00, 0x01, 0xF8, 0x00, 0x00, 0x1F,
  0x80, 0x00, 0x01, 0xF8, 0x00, 0x00, 0x0F, 0x00, 0x01, 0xFC, 0x63, 0xF8,
  0x3F, 0xE0, 0x7F, 0xC7, 0xFF, 0x0F, 0xFE, 0xFF, 0xF9, 0xFF, 0xF3, 0xFE,
  0x07, 0xFC, 0x1F, 0xC0, 0x3F, 0x80, 0x00, 0xE0, 0x00, 0x00, 0x1F, 0x00,
  0x00, 0x01, 0xF8, 0x00, 0x00, 0x1F, 0x80, 0x00, 0x01, 0xF8, 0x00, 0x00,
  0x1F, 0x80, 0x00, 0x01, 0xF8, 0x00, 0x00, 0x1F, 0x80, 0x00, 0x01, 0xF8,
  0x00, 0x00, 0x0F, 0x80, 0x00, 0x00, 0x70, 0x00, 0x00, 0x06, 0x00, 0x00,
  0xFF, 0xFF, 0xFF, 0xFF, 0xFF, 0xFF, 0xFF, 0xFF, 0xFF, 0xFD, 0xE3, 0x00,
  0x1F, 0xFF, 0xFF, 0xC1, 0xFF, 0xFF, 0xFF, 0x1F, 0xFF, 0xFF, 0xFC, 0xFF,
  0xFF, 0xFF, 0xE3, 0xFF, 0xFF, 0xFE, 0x0F, 0xFF, 0xFF, 0xE0, 0xFF, 0xFF,
  0xFF, 0xFF, 0xF0, 0x00, 0x00, 0x00, 0x00, 0x18, 0x00, 0x00, 0x00, 0x07,
  0xE0, 0x00, 0x00, 0x00, 0x7F, 0x00, 0x00, 0x00, 0x03, 0xF8, 0x00, 0x00,
  0x00, 0x1F, 0xE0, 0x00, 0x00, 0x00, 0x7F, 0x00, 0x00, 0x00, 0x03, 0xFC,
  0x00, 0x00, 0x00, 0x0F, 0xE0, 0x00, 0x00, 0x00, 0x7F, 0x00, 0x00, 0x00,
  0x01, 0xFC, 0x00, 0x00, 0x00, 0x0F, 0xE0, 0x00, 0x00, 0x00, 0x7F, 0x80,
  0x00, 0x00, 0x01, 0xFC, 0x00, 0x00, 0x00, 0x0F, 0xE0, 0x00, 0x00, 0x00,
  0x3F, 0x80, 0x00, 0x00, 0x01, 0xFC, 0x00, 0x00, 0x00, 0x0F, 0xF0, 0x00,
  0x00, 0x00, 0x3F, 0x80, 0x00, 0x00, 0x01, 0xFC, 0x00, 0x00, 0x00, 0x07,
  0xF0, 0x00, 0x00, 0x00, 0x3F, 0x80, 0x00, 0x00, 0x00, 0xFE, 0x00, 0x00,
  0x00, 0x07, 0xF0, 0x00, 0x00, 0x00, 0x0F, 0x80, 0x00, 0x00, 0x00, 0x3E,
  0x00, 0x00, 0x00, 0x00, 0xF0, 0x00, 0x00, 0x00, 0x03, 0x80, 0x00, 0x00,
  0x00, 0x00, 0x00, 0x00, 0x00, 0x00, 0x00, 0x00, 0x00, 0x00, 0x00, 0x00,
  0x00, 0x00, 0x00, 0x38, 0x00, 0x00, 0x00, 0x03, 0xF0, 0x00, 0x00, 0x00,
  0x1F, 0xC0, 0x00, 0x00, 0x00, 0x7E, 0x00, 0x00, 0x00, 0x03, 0xF8, 0x00,
  0x00, 0x00, 0x1F, 0xC0, 0x00, 0x00, 0x00, 0x7F, 0x00, 0x00, 0x00, 0x03,
  0xF8, 0x00, 0x00, 0x00, 0x0F, 0xE0, 0x00, 0x00, 0x00, 0x7F, 0x00, 0x00,
  0x00, 0x03, 0xF8, 0x00, 0x00, 0x00, 0x0F, 0xE0, 0x00, 0x00, 0x00, 0x7F,
  0x00, 0x00, 0x00, 0x01, 0xFC, 0x00, 0x00, 0x00, 0x0F, 0xE0, 0x00, 0x00,
  0x00, 0x3F, 0x80, 0x00, 0x00, 0x01, 0xFC, 0x00, 0x00, 0x00, 0x0F, 0xE0,
  0x00, 0x00, 0x00, 0x3F, 0x80, 0x00, 0x00, 0x01, 0xFC, 0x00, 0x00, 0x00,
  0x07, 0xF0, 0x00, 0x00, 0x00, 0x3F, 0x80, 0x00, 0x00, 0x00, 0x7C, 0x00,
  0x00, 0x00, 0x01, 0xF0, 0x00, 0x00, 0x00, 0x07, 0x80, 0x00, 0x00, 0x00,
  0x1E, 0x00, 0x00, 0x00, 0x00, 0x30, 0x00, 0x00, 0x00, 0x00, 0xC0, 0x00,
  0x00, 0x00, 0x02, 0x00, 0x00, 0x00, 0x00, 0x00, 0x3F, 0xFF, 0xFF, 0xFF,
  0xC1, 0xFF, 0xFF, 0xFF, 0xF9, 0x8F, 0xFF, 0xFF, 0xFF, 0x3C, 0x7F, 0xFF,
  0xFF, 0xE3, 0xE3, 0xFF, 0xFF, 0xFC, 0x7F, 0x1F, 0xFF, 0xFF, 0x8F, 0xF8,
  0x00, 0x00, 0x01, 0xFF, 0xC0, 0x00, 0x00, 0x3F, 0xFC, 0x00, 0x00, 0x03,
  0xFF, 0xC0, 0x00, 0x00, 0x3F, 0xFC, 0x00, 0x00, 0x03, 0xFF, 0xC0, 0x00,
  0x00, 0x3F, 0xFC, 0x00, 0x00, 0x03, 0xFF, 0xC0, 0x00, 0x00, 0x3F, 0xFC,
  0x00, 0x00, 0x03, 0xFF, 0xC0, 0x00, 0x00, 0x3F, 0xFC, 0x00, 0x00, 0x03,
  0xFF, 0xC0, 0x00, 0x00, 0x3F, 0xFC, 0x00, 0x00, 0x03, 0xFF, 0xC0, 0x00,
  0x00, 0x3F, 0xFC, 0x00, 0x00, 0x03, 0xFF, 0xC0, 0x00, 0x00, 0x3F, 0xFC,
  0x00, 0x00, 0x03, 0xFF, 0xC0, 0x00, 0x00, 0x3F, 0xFC, 0x00, 0x00, 0x03,
  0xFF, 0xC0, 0x00, 0x00, 0x1F, 0xF8, 0x00, 0x00, 0x00, 0xF7, 0x00, 0x00,
  0x00, 0x06, 0x20, 0x00, 0x00, 0x00, 0x40, 0x00, 0x00, 0x00, 0x00, 0x00,
  0x00, 0x00, 0x00, 0x02, 0x00, 0x00, 0x00, 0x04, 0x70, 0x00, 0x00, 0x00,
  0xEF, 0x80, 0x00, 0x00, 0x1F, 0xF8, 0x00, 0x00, 0x01, 0xFF, 0xC0, 0x00,
  0x00, 0x3F, 0xFC, 0x00, 0x00, 0x03, 0xFF, 0xC0, 0x00, 0x00, 0x3F, 0xFC,
  0x00, 0x00, 0x03, 0xFF, 0xC0, 0x00, 0x00, 0x3F, 0xFC, 0x00, 0x00, 0x03,
  0xFF, 0xC0, 0x00, 0x00, 0x3F, 0xFC, 0x00, 0x00, 0x03, 0xFF, 0xC0, 0x00,
  0x00, 0x3F, 0xFC, 0x00, 0x00, 0x03, 0xFF, 0xC0, 0x00, 0x00, 0x3F, 0xFC,
  0x00, 0x00, 0x03, 0xFF, 0xC0, 0x00, 0x00, 0x3F, 0xFC, 0x00, 0x00, 0x03,
  0xFF, 0xC0, 0x00, 0x00, 0x3F, 0xFC, 0x00, 0x00, 0x03, 0xFF, 0xC0, 0x00,
  0x00, 0x3F, 0xFC, 0x00, 0x00, 0x03, 0xFF, 0x80, 0x00, 0x00, 0x1F, 0xF1,
  0xFF, 0xFF, 0xF8, 0xFE, 0x3F, 0xFF, 0xFF, 0xC7, 0xC7, 0xFF, 0xFF, 0xFE,
  0x38, 0xFF, 0xFF, 0xFF, 0xF1, 0x1F, 0xFF, 0xFF, 0xFF, 0x83, 0xFF, 0xFF,
  0xFF, 0xFC, 0x04, 0x31, 0xC7, 0x3D, 0xFF, 0xFF, 0xFF, 0xFF, 0xFF, 0xFF,
  0xFF, 0xFF, 0xFF, 0xFF, 0xFF, 0xFF, 0xFF, 0xFF, 0x7D, 0xF3, 0x84, 0x00,
  0x01, 0x0E, 0x7D, 0xFF, 0xFF, 0xFF, 0xFF, 0xFF, 0xFF, 0xFF, 0xFF, 0xFF,
  0xFF, 0xFF, 0xFF, 0xFF, 0xFF, 0x7C, 0xF1, 0xC7, 0x0C, 0x10, 0x3F, 0xFF,
  0xFF, 0xFF, 0xC1, 0xFF, 0xFF, 0xFF, 0xF8, 0x0F, 0xFF, 0xFF, 0xFF, 0x10,
  0x7F, 0xFF, 0xFF, 0xE3, 0x03, 0xFF, 0xFF, 0xFC, 0x70, 0x1F, 0xFF, 0xFF,
  0x8F, 0x00, 0x00, 0x00, 0x01, 0xF0, 0x00, 0x00, 0x00, 0x3F, 0x00, 0x00,
  0x00, 0x03, 0xF0, 0x00, 0x00, 0x00, 0x3F, 0x00, 0x00, 0x00, 0x03, 0xF0,
  0x00, 0x00, 0x00, 0x3F, 0x00, 0x00, 0x00, 0x03, 0xF0, 0x00, 0x00, 0x00,
  0x3F, 0x00, 0x00, 0x00, 0x03, 0xF0, 0x00, 0x00, 0x00, 0x3F, 0x00, 0x00,
  0x00, 0x03, 0xF0, 0x00, 0x00, 0x00, 0x3F, 0x00, 0x00, 0x00, 0x03, 0xF0,
  0x00, 0x00, 0x00, 0x3F, 0x00, 0x00, 0x00, 0x03, 0xF0, 0x00, 0x00, 0x00,
  0x3F, 0x00, 0x00, 0x00, 0x03, 0xF0, 0x00, 0x00, 0x00, 0x3F, 0x00, 0x00,
  0x00, 0x03, 0xF0, 0x00, 0x00, 0x00, 0x1F, 0x00, 0x00, 0x00, 0x00, 0xF0,
  0x3F, 0xFF, 0xFF, 0x8E, 0x07, 0xFF, 0xFF, 0xFE, 0x40, 0xFF, 0xFF, 0xFF,
  0xF0, 0x0F, 0xFF, 0xFF, 0xFF, 0x00, 0x7F, 0xFF, 0xFF, 0xE0, 0x63, 0xFF,
  0xFF, 0xF8, 0x0F, 0x00, 0x00, 0x00, 0x00, 0xF8, 0x00, 0x00, 0x00, 0x0F,
  0xC0, 0x00, 0x00, 0x00, 0xFC, 0x00, 0x00, 0x00, 0x0F, 0xC0, 0x00, 0x00,
  0x00, 0xFC, 0x00, 0x00, 0x00, 0x0F, 0xC0, 0x00, 0x00, 0x00, 0xFC, 0x00,
  0x00, 0x00, 0x0F, 0xC0, 0x00, 0x00, 0x00, 0xFC, 0x00, 0x00, 0x00, 0x0F,
  0xC0, 0x00, 0x00, 0x00, 0xFC, 0x00, 0x00, 0x00, 0x0F, 0xC0, 0x00, 0x00,
  0x00, 0xFC, 0x00, 0x00, 0x00, 0x0F, 0xC0, 0x00, 0x00, 0x00, 0xFC, 0x00,
  0x00, 0x00, 0x0F, 0xC0, 0x00, 0x00, 0x00, 0xFC, 0x00, 0x00, 0x00, 0x0F,
  0xC0, 0x00, 0x00, 0x00, 0xFC, 0x00, 0x00, 0x00, 0x0F, 0x80, 0x00, 0x00,
  0x00, 0xF1, 0xFF, 0xFF, 0xF8, 0x0E, 0x3F, 0xFF, 0xFF, 0xC0, 0xC7, 0xFF,
  0xFF, 0xFE, 0x08, 0xFF, 0xFF, 0xFF, 0xF0, 0x1F, 0xFF, 0xFF, 0xFF, 0x83,
  0xFF, 0xFF, 0xFF, 0xFC, 0x7F, 0xFF, 0xFF, 0xFF, 0x87, 0xFF, 0xFF, 0xFF,
  0xE0, 0x7F, 0xFF, 0xFF, 0xF8, 0x87, 0xFF, 0xFF, 0xFE, 0x30, 0x7F, 0xFF,
  0xFF, 0x8E, 0x07, 0xFF, 0xFF, 0xE3, 0xC0, 0x00, 0x00, 0x00, 0xF8, 0x00,
  0x00, 0x00, 0x3F, 0x00, 0x00, 0x00, 0x07, 0xE0, 0x00, 0x00, 0x00, 0xFC,
  0x00, 0x00, 0x00, 0x1F, 0x80, 0x00, 0x00, 0x03, 0xF0, 0x00, 0x00, 0x00,
  0x7E, 0x00, 0x00, 0x00, 0x0F, 0xC0, 0x00, 0x00, 0x01, 0xF8, 0x00, 0x00,
  0x00, 0x3F, 0x00, 0x00, 0x00, 0x07, 0xE0, 0x00, 0x00, 0x00, 0xFC, 0x00,
  0x00, 0x00, 0x1F, 0x80, 0x00, 0x00, 0x03, 0xF0, 0x00, 0x00, 0x00, 0x7E,
  0x00, 0x00, 0x00, 0x0F, 0xC0, 0x00, 0x00, 0x01, 0xF8, 0x00, 0x00, 0x00,
  0x3F, 0x00, 0x00, 0x00, 0x07, 0xE0, 0x00, 0x00, 0x00, 0xFC, 0x00, 0x00,
  0x00, 0x0F, 0x83, 0xFF, 0xFF, 0xF8, 0xE0, 0xFF, 0xFF, 0xFF, 0x88, 0x3F,
  0xFF, 0xFF, 0xF8, 0x07, 0xFF, 0xFF, 0xFF, 0x00, 0x7F, 0xFF, 0xFF, 0xC4,
  0x07, 0xFF, 0xFF, 0xF1, 0xC0, 0x00, 0x00, 0x00, 0x7C, 0x00, 0x00, 0x00,
  0x0F, 0x80, 0x00, 0x00, 0x03, 0xF0, 0x00, 0x00, 0x00, 0x7E, 0x00, 0x00,
  0x00, 0x0F, 0xC0, 0x00, 0x00, 0x01, 0xF8, 0x00, 0x00, 0x00, 0x3F, 0x00,
  0x00, 0x00, 0x07, 0xE0, 0x00, 0x00, 0x00, 0xFC, 0x00, 0x00, 0x00, 0x1F,
  0x80, 0x00, 0x00, 0x03, 0xF0, 0x00, 0x00, 0x00, 0x7E, 0x00, 0x00, 0x00,
  0x0F, 0xC0, 0x00, 0x00, 0x01, 0xF8, 0x00, 0x00, 0x00, 0x3F, 0x00, 0x00,
  0x00, 0x07, 0xE0, 0x00, 0x00, 0x00, 0xFC, 0x00, 0x00, 0x00, 0x1F, 0x80,
  0x00, 0x00, 0x03, 0xF0, 0x00, 0x00, 0x00, 0x7E, 0x00, 0x00, 0x00, 0x07,
  0xC0, 0xFF, 0xFF, 0xFC, 0x78, 0x3F, 0xFF, 0xFF, 0xC7, 0x0F, 0xFF, 0xFF,
  0xFC, 0x63, 0xFF, 0xFF, 0xFF, 0xC4, 0xFF, 0xFF, 0xFF, 0xFC, 0x3F, 0xFF,
  0xFF, 0xFF, 0xC0, 0x80, 0x00, 0x00, 0x00, 0x0C, 0x00, 0x00, 0x00, 0x01,
  0xE0, 0x00, 0x00, 0x00, 0x3E, 0x00, 0x00, 0x00, 0x07, 0xF0, 0x00, 0x00,
  0x00, 0xFF, 0x80, 0x00, 0x00, 0x1F, 0xFC, 0x00, 0x00, 0x03, 0xFF, 0xC0,
  0x00, 0x00, 0x3F, 0xFC, 0x00, 0x00, 0x03, 0xFF, 0xC0, 0x00, 0x00, 0x3F,
  0xFC, 0x00, 0x00, 0x03, 0xFF, 0xC0, 0x00, 0x00, 0x3F, 0xFC, 0x00, 0x00,
  0x03, 0xFF, 0xC0, 0x00, 0x00, 0x3F, 0xFC, 0x00, 0x00, 0x03, 0xFF, 0xC0,
  0x00, 0x00, 0x3F, 0xFC, 0x00, 0x00, 0x03, 0xFF, 0xC0, 0x00, 0x00, 0x3F,
  0xFC, 0x00, 0x00, 0x03, 0xFF, 0xC0, 0x00, 0x00, 0x3F, 0xFC, 0x00, 0x00,
  0x03, 0xFF, 0xC0, 0x00, 0x00, 0x3F, 0xFC, 0x00, 0x00, 0x03, 0xFF, 0xC0,
  0x00, 0x00, 0x3F, 0xF8, 0x00, 0x00, 0x03, 0xFF, 0x80, 0x00, 0x00, 0x1F,
  0x73, 0xFF, 0xFF, 0xF8, 0xE2, 0x7F, 0xFF, 0xFF, 0xE4, 0x0F, 0xFF, 0xFF,
  0xFF, 0x00, 0xFF, 0xFF, 0xFF, 0xF0, 0x07, 0xFF, 0xFF, 0xFE, 0x40, 0x3F,
  0xFF, 0xFF, 0x8E, 0x00, 0x00, 0x00, 0x01, 0xF0, 0x00, 0x00, 0x00, 0x1F,
  0x00, 0x00, 0x00, 0x03, 0xF0, 0x00, 0x00, 0x00, 0x3F, 0x00, 0x00, 0x00,
  0x03, 0xF0, 0x00, 0x00, 0x00, 0x3F, 0x00, 0x00, 0x00, 0x03, 0xF0, 0x00,
  0x00, 0x00, 0x3F, 0x00, 0x00, 0x00, 0x03, 0xF0, 0x00, 0x00, 0x00, 0x3F,
  0x00, 0x00, 0x00, 0x03, 0xF0, 0x00, 0x00, 0x00, 0x3F, 0x00, 0x00, 0x00,
  0x03, 0xF0, 0x00, 0x00, 0x00, 0x3F, 0x00, 0x00, 0x00, 0x03, 0xF0, 0x00,
  0x00, 0x00, 0x3F, 0x00, 0x00, 0x00, 0x03, 0xF0, 0x00, 0x00, 0x00, 0x3F,
  0x00, 0x00, 0x00, 0x03, 0xF0, 0x00, 0x00, 0x00, 0x3F, 0x00, 0x00, 0x00,
  0x01, 0xF0, 0x00, 0x00, 0x00, 0x0F, 0x00, 0x00, 0x00, 0x00, 0x70, 0x00,
  0x00, 0x00, 0x07, 0x00, 0x00, 0x00, 0x00, 0x30, 0x00, 0x00, 0x00, 0x01,
  0x3F, 0xFF, 0xFF, 0xFF, 0xC1, 0xFF, 0xFF, 0xFF, 0xF8, 0x8F, 0xFF, 0xFF,
  0xFF, 0x0C, 0x7F, 0xFF, 0xFF, 0xE0, 0xE3, 0xFF, 0xFF, 0xFC, 0x0F, 0x1F,
  0xFF, 0xFF, 0x80, 0xF8, 0x00, 0x00, 0x00, 0x0F, 0xC0, 0x00, 0x00, 0x00,
  0xFC, 0x00, 0x00, 0x00, 0x0F, 0xC0, 0x00, 0x00, 0x00, 0xFC, 0x00, 0x00,
  0x00, 0x0F, 0xC0, 0x00, 0x00, 0x00, 0xFC, 0x00, 0x00, 0x00, 0x0F, 0xC0,
  0x00, 0x00, 0x00, 0xFC, 0x00, 0x00, 0x00, 0x0F, 0xC0, 0x00, 0x00, 0x00,
  0xFC, 0x00, 0x00, 0x00, 0x0F, 0xC0, 0x00, 0x00, 0x00, 0xFC, 0x00, 0x00,
  0x00, 0x0F, 0xC0, 0x00, 0x00, 0x00, 0xFC, 0x00, 0x00, 0x00, 0x0F, 0xC0,
  0x00, 0x00, 0x00, 0xFC, 0x00, 0x00, 0x00, 0x0F, 0xC0, 0x00, 0x00, 0x00,
  0xFC, 0x00, 0x00, 0x00, 0x0F, 0x80, 0x00, 0x00, 0x00, 0xF0, 0x00, 0x00,
  0x00, 0x07, 0x3F, 0xFF, 0xFF, 0x80, 0x27, 0xFF, 0xFF, 0xFE, 0x00, 0xFF,
  0xFF, 0xFF, 0xF0, 0x0F, 0xFF, 0xFF, 0xFF, 0x00, 0x7F, 0xFF, 0xFF, 0xE0,
  0x03, 0xFF, 0xFF, 0xF8, 0x60, 0x00, 0x00, 0x00, 0x0F, 0x00, 0x00, 0x00,
  0x01, 0xF0, 0x00, 0x00, 0x00, 0x3F, 0x00, 0x00, 0x00, 0x03, 0xF0, 0x00,
  0x00, 0x00, 0x3F, 0x00, 0x00, 0x00, 0x03, 0xF0, 0x00, 0x00, 0x00, 0x3F,
  0x00, 0x00, 0x00, 0x03, 0xF0, 0x00, 0x00, 0x00, 0x3F, 0x00, 0x00, 0x00,
  0x03, 0xF0, 0x00, 0x00, 0x00, 0x3F, 0x00, 0x00, 0x00, 0x03, 0xF0, 0x00,
  0x00, 0x00, 0x3F, 0x00, 0x00, 0x00, 0x03, 0xF0, 0x00, 0x00, 0x00, 0x3F,
  0x00, 0x00, 0x00, 0x03, 0xF0, 0x00, 0x00, 0x00, 0x3F, 0x00, 0x00, 0x00,
  0x03, 0xF0, 0x00, 0x00, 0x00, 0x3F, 0x00, 0x00, 0x00, 0x03, 0xF0, 0x00,
  0x00, 0x00, 0x1F, 0x01, 0xFF, 0xFF, 0xF8, 0xF0, 0x3F, 0xFF, 0xFF, 0xC7,
  0x07, 0xFF, 0xFF, 0xFE, 0x30, 0xFF, 0xFF, 0xFF, 0xF1, 0x1F, 0xFF, 0xFF,
  0xFF, 0x83, 0xFF, 0xFF, 0xFF, 0xFC, 0x3F, 0xFF, 0xFF, 0xFF, 0xC1, 0xFF,
  0xFF, 0xFF, 0xF8, 0x8F, 0xFF, 0xFF, 0xFF, 0x0C, 0x7F, 0xFF, 0xFF, 0xE0,
  0xE3, 0xFF, 0xFF, 0xFC, 0x0F, 0x1F, 0xFF, 0xFF, 0x80, 0xF8, 0x00, 0x00,
  0x00, 0x0F, 0xC0, 0x00, 0x00, 0x00, 0xFC, 0x00, 0x00, 0x00, 0x0F, 0xC0,
  0x00, 0x00, 0x00, 0xFC, 0x00, 0x00, 0x00, 0x0F, 0xC0, 0x00, 0x00, 0x00,
  0xFC, 0x00, 0x00, 0x00, 0x0F, 0xC0, 0x00, 0x00, 0x00, 0xFC, 0x00, 0x00,
  0x00, 0x0F, 0xC0, 0x00, 0x00, 0x00, 0xFC, 0x00, 0x00, 0x00, 0x0F, 0xC0,
  0x00, 0x00, 0x00, 0xFC, 0x00, 0x00, 0x00, 0x0F, 0xC0, 0x00, 0x00, 0x00,
  0xFC, 0x00, 0x00, 0x00, 0x0F, 0xC0, 0x00, 0x00, 0x00, 0xFC, 0x00, 0x00,
  0x00, 0x0F, 0xC0, 0x00, 0x00, 0x00, 0xFC, 0x00, 0x00, 0x00, 0x0F, 0xC0,
  0x00, 0x00, 0x00, 0xF8, 0x00, 0x00, 0x00, 0x07, 0x3F, 0xFF, 0xFF, 0x80,
  0x27, 0xFF, 0xFF, 0xFE, 0x00, 0xFF, 0xFF, 0xFF, 0xF0, 0x0F, 0xFF, 0xFF,
  0xFF, 0x02, 0x7F, 0xFF, 0xFF, 0xE4, 0x73, 0xFF, 0xFF, 0xF8, 0xEF, 0x80,
  0x00, 0x00, 0x1F, 0xF8, 0x00, 0x00, 0x01, 0xFF, 0xC0, 0x00, 0x00, 0x3F,
  0xFC, 0x00, 0x00, 0x03, 0xFF, 0xC0, 0x00, 0x00, 0x3F, 0xFC, 0x00, 0x00,
  0x03, 0xFF, 0xC0, 0x00, 0x00, 0x3F, 0xFC, 0x00, 0x00, 0x03, 0xFF, 0xC0,
  0x00, 0x00, 0x3F, 0xFC, 0x00, 0x00, 0x03, 0xFF, 0xC0, 0x00, 0x00, 0x3F,
  0xFC, 0x00, 0x00, 0x03, 0xFF, 0xC0, 0x00, 0x00, 0x3F, 0xFC, 0x00, 0x00,
  0x03, 0xFF, 0xC0, 0x00, 0x00, 0x3F, 0xFC, 0x00, 0x00, 0x03, 0xFF, 0xC0,
  0x00, 0x00, 0x3F, 0xFC, 0x00, 0x00, 0x03, 0xFF, 0xC0, 0x00, 0x00, 0x3F,
  0xFC, 0x00, 0x00, 0x03, 0xFF, 0x80, 0x00, 0x00, 0x1F, 0xF1, 0xFF, 0xFF,
  0xF8, 0xFE, 0x3F, 0xFF, 0xFF, 0xC7, 0xC7, 0xFF, 0xFF, 0xFE, 0x38, 0xFF,
  0xFF, 0xFF, 0xF1, 0x1F, 0xFF, 0xFF, 0xFF, 0x83, 0xFF, 0xFF, 0xFF, 0xFC,
  0x7F, 0xFF, 0xFF, 0xFF, 0x87, 0xFF, 0xFF, 0xFF, 0xE0, 0x7F, 0xFF, 0xFF,
  0xF8, 0x87, 0xFF, 0xFF, 0xFE, 0x30, 0x7F, 0xFF, 0xFF, 0x8E, 0x07, 0xFF,
  0xFF, 0xE3, 0xC0, 0x00, 0x00, 0x00, 0xF8, 0x00, 0x00, 0x00, 0x3F, 0x00,
  0x00, 0x00, 0x07, 0xE0, 0x00, 0x00, 0x00, 0xFC, 0x00, 0x00, 0x00, 0x1F,
  0x80, 0x00, 0x00, 0x03, 0xF0, 0x00, 0x00, 0x00, 0x7E, 0x00, 0x00, 0x00,
  0x0F, 0xC0, 0x00, 0x00, 0x01, 0xF8, 0x00, 0x00, 0x00, 0x3F, 0x00, 0x00,
  0x00, 0x07, 0xE0, 0x00, 0x00, 0x00, 0xFC, 0x00, 0x00, 0x00, 0x1F, 0x80,
  0x00, 0x00, 0x03, 0xF0, 0x00, 0x00, 0x00, 0x7E, 0x00, 0x00, 0x00, 0x0F,
  0xC0, 0x00, 0x00, 0x01, 0xF8, 0x00, 0x00, 0x00, 0x3F, 0x00, 0x00, 0x00,
  0x07, 0xE0, 0x00, 0x00, 0x00, 0xFC, 0x00, 0x00, 0x00, 0x0F, 0x80, 0x00,
  0x00, 0x00, 0xE0, 0x00, 0x00, 0x00, 0x08, 0x00, 0x00, 0x00, 0x00, 0x00,
  0x00, 0x00, 0x00, 0x00, 0x00, 0x00, 0x00, 0x04, 0x00, 0x00, 0x00, 0x01,
  0xC0, 0x00, 0x00, 0x00, 0x7C, 0x00, 0x00, 0x00, 0x0F, 0x80, 0x00, 0x00,
  0x03, 0xF0, 0x00, 0x00, 0x00, 0x7E, 0x00, 0x00, 0x00, 0x0F, 0xC0, 0x00,
  0x00, 0x01, 0xF8, 0x00, 0x00, 0x00, 0x3F, 0x00, 0x00, 0x00, 0x07, 0xE0,
  0x00, 0x00, 0x00, 0xFC, 0x00, 0x00, 0x00, 0x1F, 0x80, 0x00, 0x00, 0x03,
  0xF0, 0x00, 0x00, 0x00, 0x7E, 0x00, 0x00, 0x00, 0x0F, 0xC0, 0x00, 0x00,
  0x01, 0xF8, 0x00, 0x00, 0x00, 0x3F, 0x00, 0x00, 0x00, 0x07, 0xE0, 0x00,
  0x00, 0x00, 0xFC, 0x00, 0x00, 0x00, 0x1F, 0x80, 0x00, 0x00, 0x03, 0xF0,
  0x00, 0x00, 0x00, 0x7E, 0x00, 0x00, 0x00, 0x07, 0xC0, 0x00, 0x00, 0x00,
  0x78, 0x00, 0x00, 0x00, 0x07, 0x00, 0x00, 0x00, 0x00, 0xE0, 0x00, 0x00,
  0x00, 0x0C, 0x00, 0x00, 0x00, 0x00, 0x80, 0x3F, 0xFF, 0xFF, 0xFF, 0xC1,
  0xFF, 0xFF, 0xFF, 0xF9, 0x8F, 0xFF, 0xFF, 0xFF, 0x3C, 0x7F, 0xFF, 0xFF,
  0xE3, 0xE3, 0xFF, 0xFF, 0xFC, 0x7F, 0x1F, 0xFF, 0xFF, 0x8F, 0xF8, 0x00,
  0x00, 0x01, 0xFF, 0xC0, 0x00, 0x00, 0x3F, 0xFC, 0x00, 0x00, 0x03, 0xFF,
  0xC0, 0x00, 0x00, 0x3F, 0xFC, 0x00, 0x00, 0x03, 0xFF, 0xC0, 0x00, 0x00,
  0x3F, 0xFC, 0x00, 0x00, 0x03, 0xFF, 0xC0, 0x00, 0x00, 0x3F, 0xFC, 0x00,
  0x00, 0x03, 0xFF, 0xC0, 0x00, 0x00, 0x3F, 0xFC, 0x00, 0x00, 0x03, 0xFF,
  0xC0, 0x00, 0x00, 0x3F, 0xFC, 0x00, 0x00, 0x03, 0xFF, 0xC0, 0x00, 0x00,
  0x3F, 0xFC, 0x00, 0x00, 0x03, 0xFF, 0xC0, 0x00, 0x00, 0x3F, 0xFC, 0x00,
  0x00, 0x03, 0xFF, 0xC0, 0x00, 0x00, 0x3F, 0xFC, 0x00, 0x00, 0x03, 0xFF,
  0xC0, 0x00, 0x00, 0x1F, 0xF8, 0x00, 0x00, 0x00, 0xF7, 0x3F, 0xFF, 0xFF,
  0x86, 0x27, 0xFF, 0xFF, 0xFE, 0x40, 0xFF, 0xFF, 0xFF, 0xF0, 0x0F, 0xFF,
  0xFF, 0xFF, 0x02, 0x7F, 0xFF, 0xFF, 0xE4, 0x73, 0xFF, 0xFF, 0xF8, 0xEF,
  0x80, 0x00, 0x00, 0x1F, 0xF8, 0x00, 0x00, 0x01, 0xFF, 0xC0, 0x00, 0x00,
  0x3F, 0xFC, 0x00, 0x00, 0x03, 0xFF, 0xC0, 0x00, 0x00, 0x3F, 0xFC, 0x00,
  0x00, 0x03, 0xFF, 0xC0, 0x00, 0x00, 0x3F, 0xFC, 0x00, 0x00, 0x03, 0xFF,
  0xC0, 0x00, 0x00, 0x3F, 0xFC, 0x00, 0x00, 0x03, 0xFF, 0xC0, 0x00, 0x00,
  0x3F, 0xFC, 0x00, 0x00, 0x03, 0xFF, 0xC0, 0x00, 0x00, 0x3F, 0xFC, 0x00,
  0x00, 0x03, 0xFF, 0xC0, 0x00, 0x00, 0x3F, 0xFC, 0x00, 0x00, 0x03, 0xFF,
  0xC0, 0x00, 0x00, 0x3F, 0xFC, 0x00, 0x00, 0x03, 0xFF, 0xC0, 0x00, 0x00,
  0x3F, 0xFC, 0x00, 0x00, 0x03, 0xFF, 0x80, 0x00, 0x00, 0x1F, 0xF1, 0xFF,
  0xFF, 0xF8, 0xFE, 0x3F, 0xFF, 0xFF, 0xC7, 0xC7, 0xFF, 0xFF, 0xFE, 0x38,
  0xFF, 0xFF, 0xFF, 0xF1, 0x1F, 0xFF, 0xFF, 0xFF, 0x83, 0xFF, 0xFF, 0xFF,
  0xFC, 0x3F, 0xFF, 0xFF, 0xFF, 0xC1, 0xFF, 0xFF, 0xFF, 0xF8, 0x8F, 0xFF,
  0xFF, 0xFF, 0x1C, 0x7F, 0xFF, 0xFF, 0xE3, 0xE3, 0xFF, 0xFF, 0xFC, 0x7F,
  0x1F, 0xFF, 0xFF, 0x8F, 0xF8, 0x00, 0x00, 0x01, 0xFF, 0xC0, 0x00, 0x00,
  0x3F, 0xFC, 0x00, 0x00, 0x03, 0xFF, 0xC0, 0x00, 0x00, 0x3F, 0xFC, 0x00,
  0x00, 0x03, 0xFF, 0xC0, 0x00, 0x00, 0x3F, 0xFC, 0x00, 0x00, 0x03, 0xFF,
  0xC0, 0x00, 0x00, 0x3F, 0xFC, 0x00, 0x00, 0x03, 0xFF, 0xC0, 0x00, 0x00,
  0x3F, 0xFC, 0x00, 0x00, 0x03, 0xFF, 0xC0, 0x00, 0x00, 0x3F, 0xFC, 0x00,
  0x00, 0x03, 0xFF, 0xC0, 0x00, 0x00, 0x3F, 0xFC, 0x00, 0x00, 0x03, 0xFF,
  0xC0, 0x00, 0x00, 0x3F, 0xFC, 0x00, 0x00, 0x03, 0xFF, 0xC0, 0x00, 0x00,
  0x3F, 0xFC, 0x00, 0x00, 0x03, 0xFF, 0xC0, 0x00, 0x00, 0x3F, 0xF8, 0x00,
  0x00, 0x01, 0xF7, 0x3F, 0xFF, 0xFF, 0x8E, 0x27, 0xFF, 0xFF, 0xFE, 0x40,
  0xFF, 0xFF, 0xFF, 0xF0, 0x0F, 0xFF, 0xFF, 0xFF, 0x00, 0x7F, 0xFF, 0xFF,
  0xE4, 0x03, 0xFF, 0xFF, 0xF8, 0xE0, 0x00, 0x00, 0x00, 0x1F, 0x00, 0x00,
  0x00, 0x01, 0xF0, 0x00, 0x00, 0x00, 0x3F, 0x00, 0x00, 0x00, 0x03, 0xF0,
  0x00, 0x00, 0x00, 0x3F, 0x00, 0x00, 0x00, 0x03, 0xF0, 0x00, 0x00, 0x00,
  0x3F, 0x00, 0x00, 0x00, 0x03, 0xF0, 0x00, 0x00, 0x00, 0x3F, 0x00, 0x00,
  0x00, 0x03, 0xF0, 0x00, 0x00, 0x00, 0x3F, 0x00, 0x00, 0x00, 0x03, 0xF0,
  0x00, 0x00, 0x00, 0x3F, 0x00, 0x00, 0x00, 0x03, 0xF0, 0x00, 0x00, 0x00,
  0x3F, 0x00, 0x00, 0x00, 0x03, 0xF0, 0x00, 0x00, 0x00, 0x3F, 0x00, 0x00,
  0x00, 0x03, 0xF0, 0x00, 0x00, 0x00, 0x3F, 0x00, 0x00, 0x00, 0x03, 0xF0,
  0x00, 0x00, 0x00, 0x1F, 0x01, 0xFF, 0xFF, 0xF8, 0xF0, 0x3F, 0xFF, 0xFF,
  0xC7, 0x07, 0xFF, 0xFF, 0xFE, 0x30, 0xFF, 0xFF, 0xFF, 0xF1, 0x1F, 0xFF,
  0xFF, 0xFF, 0x83, 0xFF, 0xFF, 0xFF, 0xFC, 0xFF, 0xFF, 0xFF, 0xFF, 0xF0,
  0x00, 0x00, 0x00, 0x00, 0x00, 0x00, 0x00, 0x00, 0x00, 0x00, 0x00, 0x00,
  0x00, 0x00, 0x00, 0x00, 0x00, 0x00, 0x00, 0x00, 0x00, 0x00, 0x00, 0x00,
  0x00, 0x00, 0x00, 0x00, 0xFF, 0xFF, 0xFF, 0xFF, 0xF0, 0xFF, 0xFF, 0xFF,
  0xFF, 0xF0, 0x00, 0x00, 0x00, 0x00, 0x00, 0x00, 0x00, 0x00, 0x00, 0x00,
  0x00, 0x00, 0x00, 0x00, 0x00, 0x00, 0x00, 0x00, 0x00, 0x00, 0x00, 0x00,
  0x00, 0x00, 0x00, 0x00, 0x00, 0x00, 0xFF, 0xFF, 0xFF, 0xFF, 0xFF, 0xFF,
  0xFF, 0xFF, 0xFF, 0xFD, 0xE3, 0x00, 0x00, 0x00, 0x1F, 0x00, 0x00, 0x3F,
  0x00, 0x00, 0x7F, 0x00, 0x00, 0xFF, 0x00, 0x01, 0xFE, 0x00, 0x03, 0xFC,
  0x00, 0x07, 0xF8, 0x00, 0x0F, 0xF0, 0x00, 0x1F, 0xE0, 0x00, 0x3F, 0xC0,
  0x00, 0x7F, 0x80, 0x00, 0xFF, 0x00, 0x01, 0xFE, 0x00, 0x03, 0xFC, 0x00,
  0x07, 0xF8, 0x00, 0x0F, 0xF0, 0x00, 0x1F, 0xE0, 0x00, 0x3F, 0xC0, 0x00,
  0x7F, 0x80, 0x00, 0x00, 0x00, 0x00, 0x00, 0x00, 0x00, 0xFF, 0x80, 0x00,
  0x7F, 0xC0, 0x00, 0x3F, 0xE0, 0x00, 0x1F, 0xF0, 0x00, 0x0F, 0xF8, 0x00,
  0x07, 0xFC, 0x00, 0x03, 0xFE, 0x00, 0x01, 0xFF, 0x00, 0x00, 0xFF, 0x80,
  0x00, 0x7F, 0xC0, 0x00, 0x3F, 0xE0, 0x00, 0x1F, 0xE0, 0x00, 0x0F, 0xF0,
  0x00, 0x07, 0xF8, 0x00, 0x03, 0xFC, 0x00, 0x01, 0xFE, 0x00, 0x00, 0xFE,
  0x00, 0x00, 0x7E, 0x00, 0x00, 0x3F, 0x00, 0x00, 0x1F, 0x1F, 0xFF, 0xFF,
  0xC1, 0xFF, 0xFF, 0xFF, 0x1F, 0xFF, 0xFF, 0xFC, 0xFF, 0xFF, 0xFF, 0xE3,
  0xFF, 0xFF, 0xFE, 0x0F, 0xFF, 0xFF, 0xE0, 0x00, 0x00, 0x00, 0x00, 0x00,
  0x00, 0x00, 0x00, 0x00, 0x00, 0x00, 0x00, 0x00, 0x00, 0x00, 0x00, 0x00,
  0x00, 0x00, 0x00, 0x00, 0x01, 0xFF, 0xFF, 0xFC, 0x1F, 0xFF, 0xFF, 0xF1,
  0xFF, 0xFF, 0xFF, 0xCF, 0xFF, 0xFF, 0xFE, 0x3F, 0xFF, 0xFF, 0xE0, 0xFF,
  0xFF, 0xFE, 0x00, 0xF8, 0x00, 0x00, 0xFC, 0x00, 0x00, 0xFE, 0x00, 0x00,
  0x7F, 0x00, 0x00, 0x7F, 0x80, 0x00, 0x3F, 0xC0, 0x00, 0x1F, 0xE0, 0x00,
  0x0F, 0xF0, 0x00, 0x07, 0xF8, 0x00, 0x03, 0xFC, 0x00, 0x01, 0xFE, 0x00,
  0x00, 0xFF, 0x00, 0x00, 0x7F, 0x80, 0x00, 0x3F, 0xC0, 0x00, 0x1F, 0xE0,
  0x00, 0x0F, 0xF0, 0x00, 0x07, 0xF8, 0x00, 0x03, 0xFC, 0x00, 0x01, 0xFE,
  0x00, 0x00, 0x00, 0x00, 0x00, 0x00, 0x00, 0x01, 0xFF, 0x00, 0x03, 0xFE,
  0x00, 0x07, 0xFC, 0x00, 0x0F, 0xF8, 0x00, 0x1F, 0xF0, 0x00, 0x3F, 0xE0,
  0x00, 0x7F, 0xC0, 0x00, 0xFF, 0x80, 0x01, 0xFF, 0x00, 0x03, 0xFE, 0x00,
  0x07, 0xFC, 0x00, 0x0F, 0xF8, 0x00, 0x0F, 0xF0, 0x00, 0x1F, 0xE0, 0x00,
  0x3F, 0xC0, 0x00, 0x7F, 0x80, 0x00, 0xFF, 0x00, 0x00, 0xFE, 0x00, 0x00,
  0xFC, 0x00, 0x00, 0xF8, 0x00, 0x00, 0x7F, 0xFF, 0xFF, 0xF8, 0x03, 0xFF,
  0xFF, 0xFF, 0xC0, 0x1F, 0xFF, 0xFF, 0xFE, 0x00, 0xFF, 0xFF, 0xFF, 0xE0,
  0x07, 0xFF, 0xFF, 0xFC, 0x00, 0x3F, 0xFF, 0xFF, 0x8C, 0x00, 0x00, 0x00,
  0x01, 0xE0, 0x00, 0x00, 0x00, 0x3F, 0x00, 0x00, 0x00, 0x03, 0xF0, 0x00,
  0x00, 0x00, 0x3F, 0x00, 0x00, 0x00, 0x03, 0xF0, 0x00, 0x00, 0x00, 0x3F,
  0x00, 0x00, 0x00, 0x03, 0xF0, 0x00, 0x00, 0x00, 0x3F, 0x00, 0x00, 0x00,
  0x03, 0xF0, 0x00, 0x00, 0x00, 0x3F, 0x00, 0x00, 0x00, 0x03, 0xF0, 0x00,
  0x00, 0x00, 0x3F, 0x00, 0x00, 0x00, 0x03, 0xF0, 0x00, 0x00, 0x00, 0x3F,
  0x00, 0x00, 0x00, 0x03, 0xF0, 0x00, 0x00, 0x00, 0x3F, 0x00, 0x00, 0x00,
  0x03, 0xF0, 0x00, 0x00, 0x00, 0x3F, 0x00, 0x00, 0x00, 0x03, 0xF0, 0x00,
  0x00, 0x00, 0x1F, 0x00, 0x00, 0x00, 0x00, 0xF0, 0x3F, 0xFF, 0xFF, 0x8E,
  0x07, 0xFF, 0xFF, 0xFE, 0x40, 0xFF, 0xFF, 0xFF, 0xF0, 0x0F, 0xFF, 0xFF,
  0xFF, 0x00, 0x7F, 0xFF, 0xFF, 0xE0, 0x63, 0xFF, 0xFF, 0xF8, 0x0F, 0x00,
  0x00, 0x00, 0x00, 0xF8, 0x00, 0x00, 0x00, 0x0F, 0xC0, 0x00, 0x00, 0x00,
  0xFC, 0x00, 0x00, 0x00, 0x0F, 0xC0, 0x00, 0x00, 0x00, 0xFC, 0x00, 0x00,
  0x00, 0x0F, 0xC0, 0x00, 0x00, 0x00, 0xFC, 0x00, 0x00, 0x00, 0x0F, 0xC0,
  0x00, 0x00, 0x00, 0xFC, 0x00, 0x00, 0x00, 0x0F, 0xC0, 0x00, 0x00, 0x00,
  0xFC, 0x00, 0x00, 0x00, 0x0F, 0xC0, 0x00, 0x00, 0x00, 0xFC, 0x00, 0x00,
  0x00, 0x0F, 0xC0, 0x00, 0x00, 0x00, 0xFC, 0x00, 0x00, 0x00, 0x0F, 0xC0,
  0x00, 0x00, 0x00, 0xFC, 0x00, 0x00, 0x00, 0x0F, 0xC0, 0x00, 0x00, 0x00,
  0xFC, 0x00, 0x00, 0x00, 0x0F, 0x80, 0x00, 0x00, 0x00, 0xF0, 0x00, 0x00,
  0x00, 0x0E, 0x00, 0x00, 0x00, 0x00, 0xC0, 0x00, 0x00, 0x00, 0x08, 0x00,
  0x00, 0x00, 0x00, 0x00, 0x00, 0x00, 0x00, 0x00, 0x00, 0x00, 0x00, 0x00,
  0x00, 0x00, 0x00, 0x00, 0x00, 0x00, 0x00, 0x00, 0x00, 0xFC, 0x00, 0x00,
  0x00, 0x0F, 0xC0, 0x00, 0x00, 0x00, 0xFC, 0x00, 0x00, 0x00, 0x0F, 0xC0,
  0x00, 0x00, 0x00, 0xFC, 0x00, 0x00, 0x00, 0x0F, 0xC0, 0x00, 0x00, 0x00,
  0x01, 0xFF, 0xFF, 0xFF, 0xFF, 0xC0, 0x3F, 0xFF, 0xFF, 0xFF, 0xF8, 0x07,
  0xFF, 0xFF, 0xFF, 0xFF, 0x10, 0x7F, 0xFF, 0xFF, 0xFF, 0xE3, 0x03, 0xFF,
  0xFF, 0xFF, 0xFC, 0x73, 0x1F, 0xFF, 0xFF, 0xFF, 0x8F, 0x78, 0xFF, 0xFF,
  0xFF, 0xF1, 0xFF, 0xC0, 0x00, 0x00, 0x00, 0x3F, 0xFE, 0x00, 0x00, 0x00,
  0x03, 0xFF, 0xE0, 0x00, 0x00, 0x00, 0x3F, 0xFE, 0x00, 0x00, 0x00, 0x03,
  0xFF, 0xE0, 0x00, 0x00, 0x00, 0x3F, 0xFE, 0x00, 0x00, 0x00, 0x03, 0xFF,
  0xE0, 0x00, 0x00, 0x00, 0x3F, 0xFE, 0x00, 0x00, 0x00, 0x03, 0xFF, 0xE0,
  0x00, 0x00, 0x00, 0x1F, 0xFE, 0x00, 0x00, 0x00, 0x00, 0xFF, 0xE0, 0x3F,
  0xFF, 0xFF, 0xC6, 0xFE, 0x07, 0xFF, 0xFF, 0xFE, 0x0F, 0xE0, 0xFF, 0xFF,
  0xFF, 0xF0, 0xFE, 0x0F, 0xFF, 0xFF, 0xFF, 0x0F, 0xE2, 0x7F, 0xFF, 0xFF,
  0xE4, 0xFE, 0x73, 0xFF, 0xFF, 0xFC, 0xEF, 0xEF, 0x80, 0x00, 0x00, 0x1F,
  0xFE, 0xFC, 0x00, 0x00, 0x03, 0xFF, 0xCF, 0xC0, 0x00, 0x00, 0x3F, 0xF8,
  0xFC, 0x00, 0x00, 0x03, 0xF7, 0x0F, 0xC0, 0x00, 0x00, 0x3F, 0x20, 0xFC,
  0x00, 0x00, 0x03, 0xF0, 0x0F, 0xC0, 0x00, 0x00, 0x3F, 0x00, 0xFC, 0x00,
  0x00, 0x03, 0xF2, 0x0F, 0xC0, 0x00, 0x00, 0x3F, 0x70, 0xFC, 0x00, 0x00,
  0x03, 0xFF, 0x8F, 0xC0, 0x00, 0x00, 0x3F, 0xFC, 0xFC, 0x00, 0x00, 0x03,
  0xFF, 0xEF, 0xC0, 0x00, 0x00, 0x3F, 0xFE, 0xFC, 0x00, 0x00, 0x03, 0xFF,
  0xEF, 0xC0, 0x00, 0x00, 0x3F, 0xFE, 0xFC, 0x00, 0x00, 0x03, 0xFF, 0xEF,
  0xC0, 0x00, 0x00, 0x3F, 0xFE, 0x7C, 0x00, 0x00, 0x03, 0xFF, 0xE3, 0x9F,
  0xFF, 0xFF, 0x9F, 0xFE, 0x13, 0xFF, 0xFF, 0xFC, 0xFF, 0xE0, 0x7F, 0xFF,
  0xFF, 0xE7, 0xFE, 0x07, 0xFF, 0xFF, 0xFF, 0x3F, 0xE0, 0x3F, 0xFF, 0xFF,
  0xF9, 0xFE, 0x01, 0xFF, 0xFF, 0xFF, 0xCF, 0xE0, 0x00, 0x00, 0x00, 0x00,
  0xFE, 0x00, 0x00, 0x00, 0x00, 0x0F, 0xE0, 0x00, 0x00, 0x00, 0x00, 0xFE,
  0x00, 0x00, 0x00, 0x00, 0x0F, 0xE0, 0x00, 0x00, 0x00, 0x00, 0xFC, 0x00,
  0x00, 0x00, 0x00, 0x07, 0x80, 0x00, 0x00, 0x00, 0x00, 0x31, 0xFF, 0xFF,
  0xFF, 0xFF, 0xC0, 0x3F, 0xFF, 0xFF, 0xFF, 0xFE, 0x07, 0xFF, 0xFF, 0xFF,
  0xFF, 0xF0, 0x7F, 0xFF, 0xFF, 0xFF, 0xFE, 0x03, 0xFF, 0xFF, 0xFF, 0xFF,
  0xC0, 0x1F, 0xFF, 0xFF, 0xFF, 0xF8, 0x3F, 0xFF, 0xFF, 0xFF, 0xC1, 0xFF,
  0xFF, 0xFF, 0xF9, 0x8F, 0xFF, 0xFF, 0xFF, 0x3C, 0x7F, 0xFF, 0xFF, 0xE3,
  0xE3, 0xFF, 0xFF, 0xFC, 0x7F, 0x1F, 0xFF, 0xFF, 0x8F, 0xF8, 0x00, 0x00,
  0x01, 0xFF, 0xC0, 0x00, 0x00, 0x3F, 0xFC, 0x00, 0x00, 0x03, 0xFF, 0xC0,
  0x00, 0x00, 0x3F, 0xFC, 0x00, 0x00, 0x03, 0xFF, 0xC0, 0x00, 0x00, 0x3F,
  0xFC, 0x00, 0x00, 0x03, 0xFF, 0xC0, 0x00, 0x00, 0x3F, 0xFC, 0x00, 0x00,
  0x03, 0xFF, 0xC0, 0x00, 0x00, 0x3F, 0xFC, 0x00, 0x00, 0x03, 0xFF, 0xC0,
  0x00, 0x00, 0x3F, 0xFC, 0x00, 0x00, 0x03, 0xFF, 0xC0, 0x00, 0x00, 0x3F,
  0xFC, 0x00, 0x00, 0x03, 0xFF, 0xC0, 0x00, 0x00, 0x3F, 0xFC, 0x00, 0x00,
  0x03, 0xFF, 0xC0, 0x00, 0x00, 0x3F, 0xFC, 0x00, 0x00, 0x03, 0xFF, 0xC0,
  0x00, 0x00, 0x1F, 0xF8, 0x00, 0x00, 0x00, 0xF7, 0x3F, 0xFF, 0xFF, 0x86,
  0x27, 0xFF, 0xFF, 0xFE, 0x40, 0xFF, 0xFF, 0xFF, 0xF0, 0x0F, 0xFF, 0xFF,
  0xFF, 0x02, 0x7F, 0xFF, 0xFF, 0xE4, 0x73, 0xFF, 0xFF, 0xF8, 0xEF, 0x80,
  0x00, 0x00, 0x1F, 0xFC, 0x00, 0x00, 0x01, 0xFF, 0xC0, 0x00, 0x00, 0x3F,
  0xFC, 0x00, 0x00, 0x03, 0xFF, 0xC0, 0x00, 0x00, 0x3F, 0xFC, 0x00, 0x00,
  0x03, 0xFF, 0xC0, 0x00, 0x00, 0x3F, 0xFC, 0x00, 0x00, 0x03, 0xFF, 0xC0,
  0x00, 0x00, 0x3F, 0xFC, 0x00, 0x00, 0x03, 0xFF, 0xC0, 0x00, 0x00, 0x3F,
  0xFC, 0x00, 0x00, 0x03, 0xFF, 0xC0, 0x00, 0x00, 0x3F, 0xFC, 0x00, 0x00,
  0x03, 0xFF, 0xC0, 0x00, 0x00, 0x3F, 0xFC, 0x00, 0x00, 0x03, 0xFF, 0xC0,
  0x00, 0x00, 0x3F, 0xFC, 0x00, 0x00, 0x03, 0xFF, 0xC0, 0x00, 0x00, 0x3F,
  0xFC, 0x00, 0x00, 0x03, 0xFF, 0x80, 0x00, 0x00, 0x3F, 0xF8, 0x00, 0x00,
  0x01, 0xFF, 0x00, 0x00, 0x00, 0x0F, 0xE0, 0x00, 0x00, 0x00, 0x7C, 0x00,
  0x00, 0x00, 0x03, 0x80, 0x00, 0x00, 0x00, 0x10, 0x00, 0x00, 0x00, 0x00,
  0x3F, 0xFF, 0xFF, 0xF8, 0x01, 0xFF, 0xFF, 0xFF, 0xC0, 0x8F, 0xFF, 0xFF,
  0xFE, 0x0C, 0x7F, 0xFF, 0xFF, 0xE0, 0xE3, 0xFF, 0xFF, 0xFC, 0x0F, 0x1F,
  0xFF, 0xFF, 0x8C, 0xF8, 0x00, 0x00, 0x01, 0xEF, 0xC0, 0x00, 0x00, 0x3F,
  0xFC, 0x00, 0x00, 0x03, 0xFF, 0xC0, 0x00, 0x00, 0x3F, 0xFC, 0x00, 0x00,
  0x03, 0xFF, 0xC0, 0x00, 0x00, 0x3F, 0xFC, 0x00, 0x00, 0x03, 0xFF, 0xC0,
  0x00, 0x00, 0x3F, 0xFC, 0x00, 0x00, 0x03, 0xFF, 0xC0, 0x00, 0x00, 0x3F,
  0xFC, 0x00, 0x00, 0x03, 0xFF, 0xC0, 0x00, 0x00, 0x3F, 0xFC, 0x00, 0x00,
  0x03, 0xFF, 0xC0, 0x00, 0x00, 0x3F, 0xFC, 0x00, 0x00, 0x03, 0xFF, 0xC0,
  0x00, 0x00, 0x3F, 0xFC, 0x00, 0x00, 0x03, 0xFF, 0xC0, 0x00, 0x00, 0x3F,
  0xFC, 0x00, 0x00, 0x03, 0xFF, 0xC0, 0x00, 0x00, 0x1F, 0xF8, 0x00, 0x00,
  0x00, 0xF7, 0x3F, 0xFF, 0xFF, 0x86, 0x27, 0xFF, 0xFF, 0xFE, 0x40, 0xFF,
  0xFF, 0xFF, 0xF0, 0x0F, 0xFF, 0xFF, 0xFF, 0x02, 0x7F, 0xFF, 0xFF, 0xE4,
  0x73, 0xFF, 0xFF, 0xF8, 0xEF, 0x80, 0x00, 0x00, 0x1F, 0xF8, 0x00, 0x00,
  0x01, 0xFF, 0xC0, 0x00, 0x00, 0x3F, 0xFC, 0x00, 0x00, 0x03, 0xFF, 0xC0,
  0x00, 0x00, 0x3F, 0xFC, 0x00, 0x00, 0x03, 0xFF, 0xC0, 0x00, 0x00, 0x3F,
  0xFC, 0x00, 0x00, 0x03, 0xFF, 0xC0, 0x00, 0x00, 0x3F, 0xFC, 0x00, 0x00,
  0x03, 0xFF, 0xC0, 0x00, 0x00, 0x3F, 0xFC, 0x00, 0x00, 0x03, 0xFF, 0xC0,
  0x00, 0x00, 0x3F, 0xFC, 0x00, 0x00, 0x03, 0xFF, 0xC0, 0x00, 0x00, 0x3F,
  0xFC, 0x00, 0x00, 0x03, 0xFF, 0xC0, 0x00, 0x00, 0x3F, 0xFC, 0x00, 0x00,
  0x03, 0xFF, 0xC0, 0x00, 0x00, 0x3F, 0xFC, 0x00, 0x00, 0x03, 0xFF, 0x80,
  0x00, 0x00, 0x1E, 0xF1, 0xFF, 0xFF, 0xF8, 0xCE, 0x3F, 0xFF, 0xFF, 0xC8,
  0xC7, 0xFF, 0xFF, 0xFE, 0x08, 0xFF, 0xFF, 0xFF, 0xE0, 0x1F, 0xFF, 0xFF,
  0xFC, 0x03, 0xFF, 0xFF, 0xFF, 0x80, 0x01, 0xFF, 0xFF, 0xFF, 0xE0, 0x3F,
  0xFF, 0xFF, 0xFC, 0x07, 0xFF, 0xFF, 0xFF, 0x80, 0x7F, 0xFF, 0xFF, 0xF0,
  0x03, 0xFF, 0xFF, 0xFE, 0x03, 0x1F, 0xFF, 0xFF, 0xC0, 0x78, 0x00, 0x00,
  0x00, 0x0F, 0xC0, 0x00, 0x00, 0x00, 0xFC, 0x00, 0x00, 0x00, 0x0F, 0xC0,
  0x00, 0x00, 0x00, 0xFC, 0x00, 0x00, 0x00, 0x0F, 0xC0, 0x00, 0x00, 0x00,
  0xFC, 0x00, 0x00, 0x00, 0x0F, 0xC0, 0x00, 0x00, 0x00, 0xFC, 0x00, 0x00,
  0x00, 0x0F, 0xC0, 0x00, 0x00, 0x00, 0xFC, 0x00, 0x00, 0x00, 0x0F, 0xC0,
  0x00, 0x00, 0x00, 0xFC, 0x00, 0x00, 0x00, 0x0F, 0xC0, 0x00, 0x00, 0x00,
  0xFC, 0x00, 0x00, 0x00, 0x0F, 0xC0, 0x00, 0x00, 0x00, 0xFC, 0x00, 0x00,
  0x00, 0x0F, 0xC0, 0x00, 0x00, 0x00, 0xFC, 0x00, 0x00, 0x00, 0x0F, 0xC0,
  0x00, 0x00, 0x00, 0xF8, 0x00, 0x00, 0x00, 0x07, 0x00, 0x00, 0x00, 0x00,
  0x20, 0x00, 0x00, 0x00, 0x00, 0x00, 0x00, 0x00, 0x00, 0x00, 0x00, 0x00,
  0x00, 0x02, 0x00, 0x00, 0x00, 0x00, 0x70, 0x00, 0x00, 0x00, 0x0F, 0x80,
  0x00, 0x00, 0x00, 0xF8, 0x00, 0x00, 0x00, 0x0F, 0xC0, 0x00, 0x00, 0x00,
  0xFC, 0x00, 0x00, 0x00, 0x0F, 0xC0, 0x00, 0x00, 0x00, 0xFC, 0x00, 0x00,
  0x00, 0x0F, 0xC0, 0x00, 0x00, 0x00, 0xFC, 0x00, 0x00, 0x00, 0x0F, 0xC0,
  0x00, 0x00, 0x00, 0xFC, 0x00, 0x00, 0x00, 0x0F, 0xC0, 0x00, 0x00, 0x00,
  0xFC, 0x00, 0x00, 0x00, 0x0F, 0xC0, 0x00, 0x00, 0x00, 0xFC, 0x00, 0x00,
  0x00, 0x0F, 0xC0, 0x00, 0x00, 0x00, 0xFC, 0x00, 0x00, 0x00, 0x0F, 0xC0,
  0x00, 0x00, 0x00, 0xFC, 0x00, 0x00, 0x00, 0x0F, 0xC0, 0x00, 0x00, 0x00,
  0xFC, 0x00, 0x00, 0x00, 0x07, 0x80, 0x00, 0x00, 0x00, 0x31, 0xFF, 0xFF,
  0xFC, 0x02, 0x3F, 0xFF, 0xFF, 0xE0, 0x07, 0xFF, 0xFF, 0xFF, 0x00, 0x7F,
  0xFF, 0xFF, 0xF8, 0x03, 0xFF, 0xFF, 0xFF, 0xC0, 0x1F, 0xFF, 0xFF, 0xFE,
  0x3F, 0xFF, 0xFF, 0xF8, 0x01, 0xFF, 0xFF, 0xFF, 0xC0, 0x8F, 0xFF, 0xFF,
  0xFE, 0x0C, 0x7F, 0xFF, 0xFF, 0xE0, 0xE3, 0xFF, 0xFF, 0xFC, 0x0F, 0x1F,
  0xFF, 0xFF, 0x8C, 0xF8, 0x00, 0x00, 0x01, 0xEF, 0xC0, 0x00, 0x00, 0x3F,
  0xFC, 0x00, 0x00, 0x03, 0xFF, 0xC0, 0x00, 0x00, 0x3F, 0xFC, 0x00, 0x00,
  0x03, 0xFF, 0xC0, 0x00, 0x00, 0x3F, 0xFC, 0x00, 0x00, 0x03, 0xFF, 0xC0,
  0x00, 0x00, 0x3F, 0xFC, 0x00, 0x00, 0x03, 0xFF, 0xC0, 0x00, 0x00, 0x3F,
  0xFC, 0x00, 0x00, 0x03, 0xFF, 0xC0, 0x00, 0x00, 0x3F, 0xFC, 0x00, 0x00,
  0x03, 0xFF, 0xC0, 0x00, 0x00, 0x3F, 0xFC, 0x00, 0x00, 0x03, 0xFF, 0xC0,
  0x00, 0x00, 0x3F, 0xFC, 0x00, 0x00, 0x03, 0xFF, 0xC0, 0x00, 0x00, 0x3F,
  0xFC, 0x00, 0x00, 0x03, 0xFF, 0xC0, 0x00, 0x00, 0x1F, 0xF8, 0x00, 0x00,
  0x00, 0xF7, 0x00, 0x00, 0x00, 0x06, 0x20, 0x00, 0x00, 0x00, 0x40, 0x00,
  0x00, 0x00, 0x00, 0x00, 0x00, 0x00, 0x00, 0x02, 0x00, 0x00, 0x00, 0x04,
  0x70, 0x00, 0x00, 0x00, 0xEF, 0x80, 0x00, 0x00, 0x1F, 0xF8, 0x00, 0x00,
  0x01, 0xFF, 0xC0, 0x00, 0x00, 0x3F, 0xFC, 0x00, 0x00, 0x03, 0xFF, 0xC0,
  0x00, 0x00, 0x3F, 0xFC, 0x00, 0x00, 0x03, 0xFF, 0xC0, 0x00, 0x00, 0x3F,
  0xFC, 0x00, 0x00, 0x03, 0xFF, 0xC0, 0x00, 0x00, 0x3F, 0xFC, 0x00, 0x00,
  0x03, 0xFF, 0xC0, 0x00, 0x00, 0x3F, 0xFC, 0x00, 0x00, 0x03, 0xFF, 0xC0,
  0x00, 0x00, 0x3F, 0xFC, 0x00, 0x00, 0x03, 0xFF, 0xC0, 0x00, 0x00, 0x3F,
  0xFC, 0x00, 0x00, 0x03, 0xFF, 0xC0, 0x00, 0x00, 0x3F, 0xFC, 0x00, 0x00,
  0x03, 0xFF, 0xC0, 0x00, 0x00, 0x3F, 0xFC, 0x00, 0x00, 0x03, 0xFF, 0x80,
  0x00, 0x00, 0x1E, 0xF1, 0xFF, 0xFF, 0xF8, 0xCE, 0x3F, 0xFF, 0xFF, 0xC8,
  0xC7, 0xFF, 0xFF, 0xFE, 0x08, 0xFF, 0xFF, 0xFF, 0xE0, 0x1F, 0xFF, 0xFF,
  0xFC, 0x03, 0xFF, 0xFF, 0xFF, 0x80, 0x3F, 0xFF, 0xFF, 0xFF, 0xE1, 0xFF,
  0xFF, 0xFF, 0xFC, 0x8F, 0xFF, 0xFF, 0xFF, 0x8C, 0x7F, 0xFF, 0xFF, 0xF0,
  0xE3, 0xFF, 0xFF, 0xFE, 0x0F, 0x1F, 0xFF, 0xFF, 0xC0, 0xF8, 0x00, 0x00,
  0x00, 0x0F, 0xC0, 0x00, 0x00, 0x00, 0xFC, 0x00, 0x00, 0x00, 0x0F, 0xC0,
  0x00, 0x00, 0x00, 0xFC, 0x00, 0x00, 0x00, 0x0F, 0xC0, 0x00, 0x00, 0x00,
  0xFC, 0x00, 0x00, 0x00, 0x0F, 0xC0, 0x00, 0x00, 0x00, 0xFC, 0x00, 0x00,
  0x00, 0x0F, 0xC0, 0x00, 0x00, 0x00, 0xFC, 0x00, 0x00, 0x00, 0x0F, 0xC0,
  0x00, 0x00, 0x00, 0xFC, 0x00, 0x00, 0x00, 0x0F, 0xC0, 0x00, 0x00, 0x00,
  0xFC, 0x00, 0x00, 0x00, 0x0F, 0xC0, 0x00, 0x00, 0x00, 0xFC, 0x00, 0x00,
  0x00, 0x0F, 0xC0, 0x00, 0x00, 0x00, 0xFC, 0x00, 0x00, 0x00, 0x0F, 0xC0,
  0x00, 0x00, 0x00, 0xF8, 0x00, 0x00, 0x00, 0x07, 0x3F, 0xFF, 0xFF, 0x80,
  0x27, 0xFF, 0xFF, 0xFE, 0x00, 0xFF, 0xFF, 0xFF, 0xF0, 0x0F, 0xFF, 0xFF,
  0xFF, 0x02, 0x7F, 0xFF, 0xFF, 0xE0, 0x73, 0xFF, 0xFF, 0xF8, 0x0F, 0x80,
  0x00, 0x00, 0x00, 0xF8, 0x00, 0x00, 0x00, 0x0F, 0xC0, 0x00, 0x00, 0x00,
  0xFC, 0x00, 0x00, 0x00, 0x0F, 0xC0, 0x00, 0x00, 0x00, 0xFC, 0x00, 0x00,
  0x00, 0x0F, 0xC0, 0x00, 0x00, 0x00, 0xFC, 0x00, 0x00, 0x00, 0x0F, 0xC0,
  0x00, 0x00, 0x00, 0xFC, 0x00, 0x00, 0x00, 0x0F, 0xC0, 0x00, 0x00, 0x00,
  0xFC, 0x00, 0x00, 0x00, 0x0F, 0xC0, 0x00, 0x00, 0x00, 0xFC, 0x00, 0x00,
  0x00, 0x0F, 0xC0, 0x00, 0x00, 0x00, 0xFC, 0x00, 0x00, 0x00, 0x0F, 0xC0,
  0x00, 0x00, 0x00, 0xFC, 0x00, 0x00, 0x00, 0x0F, 0xC0, 0x00, 0x00, 0x00,
  0xFC, 0x00, 0x00, 0x00, 0x0F, 0x80, 0x00, 0x00, 0x00, 0xF1, 0xFF, 0xFF,
  0xFC, 0x0E, 0x3F, 0xFF, 0xFF, 0xE0, 0xC7, 0xFF, 0xFF, 0xFF, 0x08, 0xFF,
  0xFF, 0xFF, 0xF8, 0x1F, 0xFF, 0xFF, 0xFF, 0xC3, 0xFF, 0xFF, 0xFF, 0xFE,
  0x3F, 0xFF, 0xFF, 0xFF, 0xE1, 0xFF, 0xFF, 0xFF, 0xFC, 0x8F, 0xFF, 0xFF,
  0xFF, 0x8C, 0x7F, 0xFF, 0xFF, 0xF0, 0xE3, 0xFF, 0xFF, 0xFE, 0x0F, 0x1F,
  0xFF, 0xFF, 0xC0, 0xF8, 0x00, 0x00, 0x00, 0x0F, 0xC0, 0x00, 0x00, 0x00,
  0xFC, 0x00, 0x00, 0x00, 0x0F, 0xC0, 0x00, 0x00, 0x00, 0xFC, 0x00, 0x00,
  0x00, 0x0F, 0xC0, 0x00, 0x00, 0x00, 0xFC, 0x00, 0x00, 0x00, 0x0F, 0xC0,
  0x00, 0x00, 0x00, 0xFC, 0x00, 0x00, 0x00, 0x0F, 0xC0, 0x00, 0x00, 0x00,
  0xFC, 0x00, 0x00, 0x00, 0x0F, 0xC0, 0x00, 0x00, 0x00, 0xFC, 0x00, 0x00,
  0x00, 0x0F, 0xC0, 0x00, 0x00, 0x00, 0xFC, 0x00, 0x00, 0x00, 0x0F, 0xC0,
  0x00, 0x00, 0x00, 0xFC, 0x00, 0x00, 0x00, 0x0F, 0xC0, 0x00, 0x00, 0x00,
  0xFC, 0x00, 0x00, 0x00, 0x0F, 0xC0, 0x00, 0x00, 0x00, 0xF8, 0x00, 0x00,
  0x00, 0x07, 0x3F, 0xFF, 0xFF, 0x80, 0x27, 0xFF, 0xFF, 0xFE, 0x00, 0xFF,
  0xFF, 0xFF, 0xF0, 0x0F, 0xFF, 0xFF, 0xFF, 0x02, 0x7F, 0xFF, 0xFF, 0xE0,
  0x73, 0xFF, 0xFF, 0xF8, 0x0F, 0x80, 0x00, 0x00, 0x00, 0xF8, 0x00, 0x00,
  0x00, 0x0F, 0xC0, 0x00, 0x00, 0x00, 0xFC, 0x00, 0x00, 0x00, 0x0F, 0xC0,
  0x00, 0x00, 0x00, 0xFC, 0x00, 0x00, 0x00, 0x0F, 0xC0, 0x00, 0x00, 0x00,
  0xFC, 0x00, 0x00, 0x00, 0x0F, 0xC0, 0x00, 0x00, 0x00, 0xFC, 0x00, 0x00,
  0x00, 0x0F, 0xC0, 0x00, 0x00, 0x00, 0xFC, 0x00, 0x00, 0x00, 0x0F, 0xC0,
  0x00, 0x00, 0x00, 0xFC, 0x00, 0x00, 0x00, 0x0F, 0xC0, 0x00, 0x00, 0x00,
  0xFC, 0x00, 0x00, 0x00, 0x0F, 0xC0, 0x00, 0x00, 0x00, 0xFC, 0x00, 0x00,
  0x00, 0x0F, 0xC0, 0x00, 0x00, 0x00, 0xFC, 0x00, 0x00, 0x00, 0x0F, 0x80,
  0x00, 0x00, 0x00, 0xF0, 0x00, 0x00, 0x00, 0x0E, 0x00, 0x00, 0x00, 0x00,
  0xE0, 0x00, 0x00, 0x00, 0x0C, 0x00, 0x00, 0x00, 0x00, 0x80, 0x00, 0x00,
  0x00, 0x00, 0x01, 0xFF, 0xFF, 0xFF, 0xC0, 0x3F, 0xFF, 0xFF, 0xF8, 0x07,
  0xFF, 0xFF, 0xFF, 0x00, 0x7F, 0xFF, 0xFF, 0xE0, 0x03, 0xFF, 0xFF, 0xFC,
  0x03, 0x1F, 0xFF, 0xFF, 0x80, 0x78, 0x00, 0x00, 0x00, 0x0F, 0xC0, 0x00,
  0x00, 0x00, 0xFC, 0x00, 0x00, 0x00, 0x0F, 0xC0, 0x00, 0x00, 0x00, 0xFC,
  0x00, 0x00, 0x00, 0x0F, 0xC0, 0x00, 0x00, 0x00, 0xFC, 0x00, 0x00, 0x00,
  0x0F, 0xC0, 0x00, 0x00, 0x00, 0xFC, 0x00, 0x00, 0x00, 0x0F, 0xC0, 0x00,
  0x00, 0x00, 0xFC, 0x00, 0x00, 0x00, 0x0F, 0xC0, 0x00, 0x00, 0x00, 0xFC,
  0x00, 0x00, 0x00, 0x0F, 0xC0, 0x00, 0x00, 0x00, 0xFC, 0x00, 0x00, 0x00,
  0x0F, 0xC0, 0x00, 0x00, 0x00, 0xFC, 0x00, 0x00, 0x00, 0x0F, 0xC0, 0x00,
  0x00, 0x00, 0xFC, 0x00, 0x00, 0x00, 0x0F, 0xC0, 0x00, 0x00, 0x00, 0xF8,
  0x00, 0x00, 0x00, 0x07, 0x00, 0x00, 0x7F, 0x80, 0x20, 0x00, 0x0F, 0xFC,
  0x00, 0x00, 0x01, 0xFF, 0xE0, 0x00, 0x00, 0x3F, 0xFF, 0x02, 0x00, 0x00,
  0xFF, 0xC4, 0x70, 0x00, 0x07, 0xF8, 0xEF, 0x80, 0x00, 0x00, 0x1F, 0xF8,
  0x00, 0x00, 0x03, 0xFF, 0xC0, 0x00, 0x00, 0x3F, 0xFC, 0x00, 0x00, 0x03,
  0xFF, 0xC0, 0x00, 0x00, 0x3F, 0xFC, 0x00, 0x00, 0x03, 0xFF, 0xC0, 0x00,
  0x00, 0x3F, 0xFC, 0x00, 0x00, 0x03, 0xFF, 0xC0, 0x00, 0x00, 0x3F, 0xFC,
  0x00, 0x00, 0x03, 0xFF, 0xC0, 0x00, 0x00, 0x3F, 0xFC, 0x00, 0x00, 0x03,
  0xFF, 0xC0, 0x00, 0x00, 0x3F, 0xFC, 0x00, 0x00, 0x03, 0xFF, 0xC0, 0x00,
  0x00, 0x3F, 0xFC, 0x00, 0x00, 0x03, 0xFF, 0xC0, 0x00, 0x00, 0x3F, 0xFC,
  0x00, 0x00, 0x03, 0xFF, 0xC0, 0x00, 0x00, 0x3F, 0xFC, 0x00, 0x00, 0x03,
  0xF7, 0x80, 0x00, 0x00, 0x1E, 0x31, 0xFF, 0xFF, 0xF8, 0xC2, 0x3F, 0xFF,
  0xFF, 0xC0, 0x07, 0xFF, 0xFF, 0xFE, 0x00, 0x7F, 0xFF, 0xFF, 0xE0, 0x03,
  0xFF, 0xFF, 0xFC, 0x00, 0x1F, 0xFF, 0xFF, 0x80, 0x80, 0x00, 0x00, 0x00,
  0x0C, 0x00, 0x00, 0x00, 0x01, 0xE0, 0x00, 0x00, 0x00, 0x3E, 0x00, 0x00,
  0x00, 0x07, 0xF0, 0x00, 0x00, 0x00, 0xFF, 0x80, 0x00, 0x00, 0x1F, 0xFC,
  0x00, 0x00, 0x03, 0xFF, 0xC0, 0x00, 0x00, 0x3F, 0xFC, 0x00, 0x00, 0x03,
  0xFF, 0xC0, 0x00, 0x00, 0x3F, 0xFC, 0x00, 0x00, 0x03, 0xFF, 0xC0, 0x00,
  0x00, 0x3F, 0xFC, 0x00, 0x00, 0x03, 0xFF, 0xC0, 0x00, 0x00, 0x3F, 0xFC,
  0x00, 0x00, 0x03, 0xFF, 0xC0, 0x00, 0x00, 0x3F, 0xFC, 0x00, 0x00, 0x03,
  0xFF, 0xC0, 0x00, 0x00, 0x3F, 0xFC, 0x00, 0x00, 0x03, 0xFF, 0xC0, 0x00,
  0x00, 0x3F, 0xFC, 0x00, 0x00, 0x03, 0xFF, 0xC0, 0x00, 0x00, 0x3F, 0xFC,
  0x00, 0x00, 0x03, 0xFF, 0xC0, 0x00, 0x00, 0x3F, 0xFC, 0x00, 0x00, 0x03,
  0xFF, 0x80, 0x00, 0x00, 0x3F, 0xF8, 0x00, 0x00, 0x01, 0xF7, 0x3F, 0xFF,
  0xFF, 0x8E, 0x27, 0xFF, 0xFF, 0xFE, 0x40, 0xFF, 0xFF, 0xFF, 0xF0, 0x0F,
  0xFF, 0xFF, 0xFF, 0x02, 0x7F, 0xFF, 0xFF, 0xE4, 0x73, 0xFF, 0xFF, 0xF8,
  0xEF, 0x80, 0x00, 0x00, 0x1F, 0xFC, 0x00, 0x00, 0x01, 0xFF, 0xC0, 0x00,
  0x00, 0x3F, 0xFC, 0x00, 0x00, 0x03, 0xFF, 0xC0, 0x00, 0x00, 0x3F, 0xFC,
  0x00, 0x00, 0x03, 0xFF, 0xC0, 0x00, 0x00, 0x3F, 0xFC, 0x00, 0x00, 0x03,
  0xFF, 0xC0, 0x00, 0x00, 0x3F, 0xFC, 0x00, 0x00, 0x03, 0xFF, 0xC0, 0x00,
  0x00, 0x3F, 0xFC, 0x00, 0x00, 0x03, 0xFF, 0xC0, 0x00, 0x00, 0x3F, 0xFC,
  0x00, 0x00, 0x03, 0xFF, 0xC0, 0x00, 0x00, 0x3F, 0xFC, 0x00, 0x00, 0x03,
  0xFF, 0xC0, 0x00, 0x00, 0x3F, 0xFC, 0x00, 0x00, 0x03, 0xFF, 0xC0, 0x00,
  0x00, 0x3F, 0xFC, 0x00, 0x00, 0x03, 0xFF, 0x80, 0x00, 0x00, 0x3F, 0xF8,
  0x00, 0x00, 0x01, 0xFF, 0x00, 0x00, 0x00, 0x0F, 0xE0, 0x00, 0x00, 0x00,
  0x7C, 0x00, 0x00, 0x00, 0x03, 0x80, 0x00, 0x00, 0x00, 0x10, 0x00, 0x00,
  0x00, 0x00, 0x31, 0xEF, 0xFF, 0xFF, 0xFF, 0xFF, 0xFF, 0xFF, 0xFF, 0xFF,
  0xFF, 0xFF, 0xFF, 0xFF, 0xFF, 0xFF, 0xFF, 0xFF, 0xFD, 0xF7, 0xCE, 0x10,
  0x00, 0x04, 0x39, 0xFF, 0xFF, 0xFF, 0xFF, 0xFF, 0xFF, 0xFF, 0xFF, 0xFF,
  0xFF, 0xFF, 0xFF, 0xFF, 0xFF, 0xFF, 0xFF, 0xFF, 0xFD, 0xE3, 0x00, 0x00,
  0x00, 0x00, 0x00, 0x10, 0x00, 0x00, 0x00, 0x03, 0x00, 0x00, 0x00, 0x00,
  0x70, 0x00, 0x00, 0x00, 0x07, 0x00, 0x00, 0x00, 0x00, 0xF0, 0x00, 0x00,
  0x00, 0x1F, 0x00, 0x00, 0x00, 0x03, 0xF0, 0x00, 0x00, 0x00, 0x3F, 0x00,
  0x00, 0x00, 0x03, 0xF0, 0x00, 0x00, 0x00, 0x3F, 0x00, 0x00, 0x00, 0x03,
  0xF0, 0x00, 0x00, 0x00, 0x3F, 0x00, 0x00, 0x00, 0x03, 0xF0, 0x00, 0x00,
  0x00, 0x3F, 0x00, 0x00, 0x00, 0x03, 0xF0, 0x00, 0x00, 0x00, 0x3F, 0x00,
  0x00, 0x00, 0x03, 0xF0, 0x00, 0x00, 0x00, 0x3F, 0x00, 0x00, 0x00, 0x03,
  0xF0, 0x00, 0x00, 0x00, 0x3F, 0x00, 0x00, 0x00, 0x03, 0xF0, 0x00, 0x00,
  0x00, 0x3F, 0x00, 0x00, 0x00, 0x03, 0xF0, 0x00, 0x00, 0x00, 0x3F, 0x00,
  0x00, 0x00, 0x03, 0xF0, 0x00, 0x00, 0x00, 0x1F, 0x00, 0x00, 0x00, 0x01,
  0xF0, 0x00, 0x00, 0x00, 0x0E, 0x00, 0x00, 0x00, 0x00, 0x40, 0x00, 0x00,
  0x00, 0x00, 0x00, 0x00, 0x00, 0x00, 0x00, 0x00, 0x00, 0x00, 0x04, 0x00,
  0x00, 0x00, 0x00, 0xE0, 0x00, 0x00, 0x00, 0x1F, 0x00, 0x00, 0x00, 0x01,
  0xF0, 0x00, 0x00, 0x00, 0x3F, 0x00, 0x00, 0x00, 0x03, 0xF0, 0x00, 0x00,
  0x00, 0x3F, 0x00, 0x00, 0x00, 0x03, 0xF0, 0x00, 0x00, 0x00, 0x3F, 0x60,
  0x00, 0x00, 0x03, 0xFF, 0x00, 0x00, 0x00, 0x3F, 0xF8, 0x00, 0x00, 0x03,
  0xFF, 0xC0, 0x00, 0x00, 0x3F, 0xFC, 0x00, 0x00, 0x03, 0xFF, 0xC0, 0x00,
  0x00, 0x3F, 0xFC, 0x00, 0x00, 0x03, 0xFF, 0xC0, 0x00, 0x00, 0x3F, 0xFC,
  0x00, 0x00, 0x03, 0xFF, 0xC0, 0x00, 0x00, 0x3F, 0xFC, 0x00, 0x00, 0x03,
  0xFF, 0xC0, 0x00, 0x00, 0x3F, 0xFC, 0x00, 0x00, 0x03, 0xFF, 0x80, 0x00,
  0x00, 0x1F, 0xF1, 0xFF, 0xFF, 0xF8, 0xFE, 0x3F, 0xFF, 0xFF, 0xC7, 0xC7,
  0xFF, 0xFF, 0xFE, 0x38, 0xFF, 0xFF, 0xFF, 0xF1, 0x1F, 0xFF, 0xFF, 0xFF,
  0x83, 0xFF, 0xFF, 0xFF, 0xFC, 0x80, 0x00, 0x00, 0x00, 0x8C, 0x00, 0x00,
  0x00, 0xF8, 0xE0, 0x00, 0x00, 0x1F, 0x8E, 0x00, 0x00, 0x03, 0xF8, 0xF0,
  0x00, 0x00, 0x7F, 0x8F, 0x80, 0x00, 0x0F, 0xF0, 0xFC, 0x00, 0x01, 0xFE,
  0x0F, 0xC0, 0x00, 0x3F, 0xC0, 0xFC, 0x00, 0x07, 0xF8, 0x0F, 0xC0, 0x00,
  0xFF, 0x00, 0xFC, 0x00, 0x1F, 0xE0, 0x0F, 0xC0, 0x03, 0xFC, 0x00, 0xFC,
  0x00, 0x7F, 0x80, 0x0F, 0xC0, 0x0F, 0xF0, 0x00, 0xFC, 0x01, 0xFE, 0x00,
  0x0F, 0xC0, 0x3F, 0xC0, 0x00, 0xFC, 0x07, 0xF8, 0x00, 0x0F, 0xC0, 0xFF,
  0x00, 0x00, 0xFC, 0x1F, 0xE0, 0x00, 0x0F, 0xC3, 0xFC, 0x00, 0x00, 0xFC,
  0xFF, 0x80, 0x00, 0x0F, 0xCF, 0xF0, 0x00, 0x00, 0xFC, 0xFE, 0x00, 0x00,
  0x0F, 0xCF, 0xC0, 0x00, 0x00, 0xFC, 0xF8, 0x00, 0x00, 0x0F, 0x80, 0x00,
  0x00, 0x00, 0xF8, 0x00, 0x00, 0x00, 0x07, 0x3F, 0xFF, 0xFF, 0x80, 0x27,
  0xFF, 0xFF, 0xFE, 0x00, 0xFF, 0xFF, 0xFF, 0xF0, 0x0F, 0xFF, 0xFF, 0xFF,
  0x02, 0x7F, 0xFF, 0xFF, 0xE4, 0x73, 0xFF, 0xFF, 0xF8, 0xEF, 0x80, 0x00,
  0x00, 0x1F, 0xFC, 0x00, 0x00, 0x01, 0xFF, 0xC0, 0x00, 0x00, 0x3F, 0xFC,
  0x00, 0x00, 0x03, 0xFF, 0xC0, 0x00, 0x00, 0x3F, 0xFC, 0x00, 0x00, 0x03,
  0xFF, 0xC0, 0x00, 0x00, 0x3F, 0xFC, 0x00, 0x00, 0x03, 0xFF, 0xC0, 0x00,
  0x00, 0x3F, 0xFC, 0x00, 0x00, 0x03, 0xFF, 0xC0, 0x00, 0x00, 0x3F, 0xFC,
  0x00, 0x00, 0x03, 0xFF, 0xC0, 0x00, 0x00, 0x3F, 0xFC, 0x00, 0x00, 0x03,
  0xFF, 0xC0, 0x00, 0x00, 0x3F, 0xFC, 0x00, 0x00, 0x03, 0xFF, 0xC0, 0x00,
  0x00, 0x3F, 0xFC, 0x00, 0x00, 0x03, 0xFF, 0xC0, 0x00, 0x00, 0x3F, 0xFC,
  0x00, 0x00, 0x03, 0xFF, 0x80, 0x00, 0x00, 0x3F, 0xF8, 0x00, 0x00, 0x01,
  0xFF, 0x00, 0x00, 0x00, 0x0F, 0xE0, 0x00, 0x00, 0x00, 0x7C, 0x00, 0x00,
  0x00, 0x03, 0x80, 0x00, 0x00, 0x00, 0x10, 0x00, 0x00, 0x00, 0x00, 0x80,
  0x00, 0x00, 0x00, 0x0C, 0x00, 0x00, 0x00, 0x00, 0xE0, 0x00, 0x00, 0x00,
  0x0E, 0x00, 0x00, 0x00, 0x00, 0xF0, 0x00, 0x00, 0x00, 0x0F, 0x80, 0x00,
  0x00, 0x00, 0xFC, 0x00, 0x00, 0x00, 0x0F, 0xC0, 0x00, 0x00, 0x00, 0xFC,
  0x00, 0x00, 0x00, 0x0F, 0xC0, 0x00, 0x00, 0x00, 0xFC, 0x00, 0x00, 0x00,
  0x0F, 0xC0, 0x00, 0x00, 0x00, 0xFC, 0x00, 0x00, 0x00, 0x0F, 0xC0, 0x00,
  0x00, 0x00, 0xFC, 0x00, 0x00, 0x00, 0x0F, 0xC0, 0x00, 0x00, 0x00, 0xFC,
  0x00, 0x00, 0x00, 0x0F, 0xC0, 0x00, 0x00, 0x00, 0xFC, 0x00, 0x00, 0x00,
  0x0F, 0xC0, 0x00, 0x00, 0x00, 0xFC, 0x00, 0x00, 0x00, 0x0F, 0xC0, 0x00,
  0x00, 0x00, 0xFC, 0x00, 0x00, 0x00, 0x0F, 0xC0, 0x00, 0x00, 0x00, 0xFC,
  0x00, 0x00, 0x00, 0x0F, 0x80, 0x00, 0x00, 0x00, 0xF8, 0x00, 0x00, 0x00,
  0x07, 0x00, 0x00, 0x00, 0x00, 0x20, 0x00, 0x00, 0x00, 0x00, 0x00, 0x00,
  0x00, 0x00, 0x00, 0x00, 0x00, 0x00, 0x02, 0x00, 0x00, 0x00, 0x00, 0x70,
  0x00, 0x00, 0x00, 0x0F, 0x80, 0x00, 0x00, 0x00, 0xF8, 0x00, 0x00, 0x00,
  0x0F, 0xC0, 0x00, 0x00, 0x00, 0xFC, 0x00, 0x00, 0x00, 0x0F, 0xC0, 0x00,
  0x00, 0x00, 0xFC, 0x00, 0x00, 0x00, 0x0F, 0xC0, 0x00, 0x00, 0x00, 0xFC,
  0x00, 0x00, 0x00, 0x0F, 0xC0, 0x00, 0x00, 0x00, 0xFC, 0x00, 0x00, 0x00,
  0x0F, 0xC0, 0x00, 0x00, 0x00, 0xFC, 0x00, 0x00, 0x00, 0x0F, 0xC0, 0x00,
  0x00, 0x00, 0xFC, 0x00, 0x00, 0x00, 0x0F, 0xC0, 0x00, 0x00, 0x00, 0xFC,
  0x00, 0x00, 0x00, 0x0F, 0xC0, 0x00, 0x00, 0x00, 0xFC, 0x00, 0x00, 0x00,
  0x0F, 0xC0, 0x00, 0x00, 0x00, 0xFC, 0x00, 0x00, 0x00, 0x0F, 0x80, 0x00,
  0x00, 0x00, 0xF1, 0xFF, 0xFF, 0xFC, 0x0E, 0x3F, 0xFF, 0xFF, 0xE0, 0xC7,
  0xFF, 0xFF, 0xFF, 0x08, 0xFF, 0xFF, 0xFF, 0xF8, 0x1F, 0xFF, 0xFF, 0xFF,
  0xC3, 0xFF, 0xFF, 0xFF, 0xFE, 0x3F, 0xFF, 0xFF, 0xFF, 0xC1, 0xFF, 0xFF,
  0xFF, 0xF9, 0x8F, 0xFF, 0xFF, 0xFF, 0x3C, 0x7F, 0xFF, 0xFF, 0xE3, 0xE3,
  0xFF, 0xFF, 0xFC, 0x7F, 0x1F, 0xFF, 0xFF, 0x8F, 0xF8, 0x00, 0x00, 0x01,
  0xFF, 0xC0, 0x00, 0x00, 0x3F, 0xFC, 0x00, 0x40, 0x03, 0xFF, 0xC0, 0x06,
  0x00, 0x3F, 0xFC, 0x00, 0xF0, 0x03, 0xFF, 0xC0, 0x1F, 0x80, 0x3F, 0xFC,
  0x01, 0xF8, 0x03, 0xFF, 0xC0, 0x1F, 0x80, 0x3F, 0xFC, 0x01, 0xF8, 0x03,
  0xFF, 0xC0, 0x1F, 0x80, 0x3F, 0xFC, 0x01, 0xF8, 0x03, 0xFF, 0xC0, 0x1F,
  0x80, 0x3F, 0xFC, 0x01, 0xF8, 0x03, 0xFF, 0xC0, 0x1F, 0x80, 0x3F, 0xFC,
  0x01, 0xF8, 0x03, 0xFF, 0xC0, 0x1F, 0x80, 0x3F, 0xFC, 0x01, 0xF8, 0x03,
  0xFF, 0xC0, 0x1F, 0x80, 0x3F, 0xFC, 0x01, 0xF8, 0x03, 0xFF, 0xC0, 0x1F,
  0x80, 0x1F, 0xF8, 0x00, 0xF0, 0x00, 0xF7, 0x00, 0x06, 0x00, 0x06, 0x20,
  0x00, 0x40, 0x00, 0x40, 0x00, 0x00, 0x00, 0x00, 0x00, 0x00, 0x00, 0x00,
  0x02, 0x00, 0x00, 0x00, 0x04, 0x70, 0x00, 0x00, 0x00, 0xEF, 0x80, 0x00,
  0x00, 0x1F, 0xFC, 0x00, 0x00, 0x01, 0xFF, 0xC0, 0x00, 0x00, 0x3F, 0xFC,
  0x00, 0x00, 0x03, 0xFF, 0xC0, 0x00, 0x00, 0x3F, 0xFC, 0x00, 0x00, 0x03,
  0xFF, 0xC0, 0x00, 0x00, 0x3F, 0xFC, 0x00, 0x00, 0x03, 0xFF, 0xC0, 0x00,
  0x00, 0x3F, 0xFC, 0x00, 0x00, 0x03, 0xFF, 0xC0, 0x00, 0x00, 0x3F, 0xFC,
  0x00, 0x00, 0x03, 0xFF, 0xC0, 0x00, 0x00, 0x3F, 0xFC, 0x00, 0x00, 0x03,
  0xFF, 0xC0, 0x00, 0x00, 0x3F, 0xFC, 0x00, 0x00, 0x03, 0xFF, 0xC0, 0x00,
  0x00, 0x3F, 0xFC, 0x00, 0x00, 0x03, 0xFF, 0xC0, 0x00, 0x00, 0x3F, 0xFC,
  0x00, 0x00, 0x03, 0xFF, 0x80, 0x00, 0x00, 0x3F, 0xF8, 0x00, 0x00, 0x01,
  0xFF, 0x00, 0x00, 0x00, 0x0F, 0xE0, 0x00, 0x00, 0x00, 0x7C, 0x00, 0x00,
  0x00, 0x03, 0x80, 0x00, 0x00, 0x00, 0x10, 0x00, 0x00, 0x00, 0x00, 0x80,
  0x00, 0x00, 0x00, 0x0C, 0x00, 0x00, 0x00, 0x01, 0xE0, 0x00, 0x00, 0x00,
  0x3E, 0x00, 0x00, 0x00, 0x07, 0xF0, 0x00, 0x00, 0x00, 0xFF, 0x80, 0x00,
  0x00, 0x1F, 0xFC, 0x00, 0x00, 0x03, 0xFF, 0xDF, 0x80, 0x00, 0x3F, 0xFD,
  0xFC, 0x00, 0x03, 0xFF, 0xCF, 0xE0, 0x00, 0x3F, 0xFC, 0xFF, 0x00, 0x03,
  0xFF, 0xC7, 0xF8, 0x00, 0x3F, 0xFC, 0x3F, 0xC0, 0x03, 0xFF, 0xC1, 0xFE,
  0x00, 0x3F, 0xFC, 0x0F, 0xF0, 0x03, 0xFF, 0xC0, 0x7F, 0x80, 0x3F, 0xFC,
  0x03, 0xFC, 0x03, 0xFF, 0xC0, 0x1F, 0xE0, 0x3F, 0xFC, 0x00, 0xFF, 0x03,
  0xFF, 0xC0, 0x07, 0xF8, 0x3F, 0xFC, 0x00, 0x3F, 0xC3, 0xFF, 0xC0, 0x01,
  0xFE, 0x3F, 0xFC, 0x00, 0x0F, 0xF3, 0xFF, 0xC0, 0x00, 0x7F, 0x3F, 0xFC,
  0x00, 0x03, 0xF3, 0xFF, 0x80, 0x00, 0x1F, 0x3F, 0xF8, 0x00, 0x00, 0x71,
  0xF7, 0x00, 0x00, 0x00, 0x0E, 0x20, 0x00, 0x00, 0x00, 0x40, 0x00, 0x00,
  0x00, 0x00, 0x00, 0x00, 0x00, 0x00, 0x02, 0x00, 0x00, 0x00, 0x04, 0x70,
  0x00, 0x00, 0x00, 0xEF, 0x80, 0x00, 0x00, 0x1F, 0xFC, 0x00, 0x00, 0x01,
  0xFF, 0xC0, 0x00, 0x00, 0x3F, 0xFC, 0x00, 0x00, 0x03, 0xFF, 0xC0, 0x00,
  0x00, 0x3F, 0xFC, 0x00, 0x00, 0x03, 0xFF, 0xC0, 0x00, 0x00, 0x3F, 0xFC,
  0x00, 0x00, 0x03, 0xFF, 0xC0, 0x00, 0x00, 0x3F, 0xFC, 0x00, 0x00, 0x03,
  0xFF, 0xC0, 0x00, 0x00, 0x3F, 0xFC, 0x00, 0x00, 0x03, 0xFF, 0xC0, 0x00,
  0x00, 0x3F, 0xFC, 0x00, 0x00, 0x03, 0xFF, 0xC0, 0x00, 0x00, 0x3F, 0xFC,
  0x00, 0x00, 0x03, 0xFF, 0xC0, 0x00, 0x00, 0x3F, 0xFC, 0x00, 0x00, 0x03,
  0xFF, 0xC0, 0x00, 0x00, 0x3F, 0xFC, 0x00, 0x00, 0x03, 0xFF, 0x80, 0x00,
  0x00, 0x3F, 0xF8, 0x00, 0x00, 0x01, 0xFF, 0x00, 0x00, 0x00, 0x0F, 0xE0,
  0x00, 0x00, 0x00, 0x7C, 0x00, 0x00, 0x00, 0x03, 0x80, 0x00, 0x00, 0x00,
  0x10, 0x00, 0x00, 0x00, 0x00, 0x01, 0xFF, 0xFF, 0xF8, 0x00, 0x3F, 0xFF,
  0xFF, 0xC0, 0x07, 0xFF, 0xFF, 0xFE, 0x00, 0x7F, 0xFF, 0xFF, 0xE0, 0x03,
  0xFF, 0xFF, 0xFC, 0x03, 0x1F, 0xFF, 0xFF, 0x8C, 0x78, 0x00, 0x00, 0x01,
  0xEF, 0xC0, 0x00, 0x00, 0x3F, 0xFC, 0x00, 0x00, 0x03, 0xFF, 0xC0, 0x00,
  0x00, 0x3F, 0xFC, 0x00, 0x00, 0x03, 0xFF, 0xC0, 0x00, 0x00, 0x3F, 0xFC,
  0x00, 0x00, 0x03, 0xFF, 0xC0, 0x00, 0x00, 0x3F, 0xFC, 0x00, 0x00, 0x03,
  0xFF, 0xC0, 0x00, 0x00, 0x3F, 0xFC, 0x00, 0x00, 0x03, 0xFF, 0xC0, 0x00,
  0x00, 0x3F, 0xFC, 0x00, 0x00, 0x03, 0xFF, 0xC0, 0x00, 0x00, 0x3F, 0xFC,
  0x00, 0x00, 0x03, 0xFF, 0xC0, 0x00, 0x00, 0x3F, 0xFC, 0x00, 0x00, 0x03,
  0xFF, 0xC0, 0x00, 0x00, 0x3F, 0xFC, 0x00, 0x00, 0x03, 0xFF, 0x80, 0x00,
  0x00, 0x3F, 0xF0, 0x00, 0x00, 0x01, 0xF6, 0x00, 0x00, 0x00, 0x0E, 0x20,
  0x00, 0x00, 0x00, 0x40, 0x00, 0x00, 0x00, 0x00, 0x00, 0x00, 0x00, 0x00,
  0x02, 0x00, 0x00, 0x00, 0x04, 0x70, 0x00, 0x00, 0x00, 0xEF, 0x80, 0x00,
  0x00, 0x1F, 0xFC, 0x00, 0x00, 0x01, 0xFF, 0xC0, 0x00, 0x00, 0x3F, 0xFC,
  0x00, 0x00, 0x03, 0xFF, 0xC0, 0x00, 0x00, 0x3F, 0xFC, 0x00, 0x00, 0x03,
  0xFF, 0xC0, 0x00, 0x00, 0x3F, 0xFC, 0x00, 0x00, 0x03, 0xFF, 0xC0, 0x00,
  0x00, 0x3F, 0xFC, 0x00, 0x00, 0x03, 0xFF, 0xC0, 0x00, 0x00, 0x3F, 0xFC,
  0x00, 0x00, 0x03, 0xFF, 0xC0, 0x00, 0x00, 0x3F, 0xFC, 0x00, 0x00, 0x03,
  0xFF, 0xC0, 0x00, 0x00, 0x3F, 0xFC, 0x00, 0x00, 0x03, 0xFF, 0xC0, 0x00,
  0x00, 0x3F, 0xFC, 0x00, 0x00, 0x03, 0xFF, 0xC0, 0x00, 0x00, 0x3F, 0x7C,
  0x00, 0x00, 0x03, 0xF3, 0x80, 0x00, 0x00, 0x1E, 0x11, 0xFF, 0xFF, 0xF8,
  0xC0, 0x3F, 0xFF, 0xFF, 0xC8, 0x07, 0xFF, 0xFF, 0xFE, 0x00, 0x7F, 0xFF,
  0xFF, 0xE0, 0x03, 0xFF, 0xFF, 0xFC, 0x00, 0x1F, 0xFF, 0xFF, 0x80, 0x3F,
  0xFF, 0xFF, 0xF8, 0x01, 0xFF, 0xFF, 0xFF, 0xC0, 0x8F, 0xFF, 0xFF, 0xFE,
  0x0C, 0x7F, 0xFF, 0xFF, 0xE0, 0xE3, 0xFF, 0xFF, 0xFC, 0x0F, 0x1F, 0xFF,
  0xFF, 0x8C, 0xF8, 0x00, 0x00, 0x01, 0xEF, 0xC0, 0x00, 0x00, 0x3F, 0xFC,
  0x00, 0x00, 0x03, 0xFF, 0xC0, 0x00, 0x00, 0x3F, 0xFC, 0x00, 0x00, 0x03,
  0xFF, 0xC0, 0x00, 0x00, 0x3F, 0xFC, 0x00, 0x00, 0x03, 0xFF, 0xC0, 0x00,
  0x00, 0x3F, 0xFC, 0x00, 0x00, 0x03, 0xFF, 0xC0, 0x00, 0x00, 0x3F, 0xFC,
  0x00, 0x00, 0x03, 0xFF, 0xC0, 0x00, 0x00, 0x3F, 0xFC, 0x00, 0x00, 0x03,
  0xFF, 0xC0, 0x00, 0x00, 0x3F, 0xFC, 0x00, 0x00, 0x03, 0xFF, 0xC0, 0x00,
  0x00, 0x3F, 0xFC, 0x00, 0x00, 0x03, 0xFF, 0xC0, 0x00, 0x00, 0x3F, 0xFC,
  0x00, 0x00, 0x03, 0xFF, 0xC0, 0x00, 0x00, 0x1F, 0xF8, 0x00, 0x00, 0x00,
  0xF7, 0x3F, 0xFF, 0xFF, 0x86, 0x27, 0xFF, 0xFF, 0xFE, 0x40, 0xFF, 0xFF,
  0xFF, 0xF0, 0x0F, 0xFF, 0xFF, 0xFF, 0x02, 0x7F, 0xFF, 0xFF, 0xE0, 0x73,
  0xFF, 0xFF, 0xF8, 0x0F, 0x80, 0x00, 0x00, 0x00, 0xFC, 0x00, 0x00, 0x00,
  0x0F, 0xC0, 0x00, 0x00, 0x00, 0xFC, 0x00, 0x00, 0x00, 0x0F, 0xC0, 0x00,
  0x00, 0x00, 0xFC, 0x00, 0x00, 0x00, 0x0F, 0xC0, 0x00, 0x00, 0x00, 0xFC,
  0x00, 0x00, 0x00, 0x0F, 0xC0, 0x00, 0x00, 0x00, 0xFC, 0x00, 0x00, 0x00,
  0x0F, 0xC0, 0x00, 0x00, 0x00, 0xFC, 0x00, 0x00, 0x00, 0x0F, 0xC0, 0x00,
  0x00, 0x00, 0xFC, 0x00, 0x00, 0x00, 0x0F, 0xC0, 0x00, 0x00, 0x00, 0xFC,
  0x00, 0x00, 0x00, 0x0F, 0xC0, 0x00, 0x00, 0x00, 0xFC, 0x00, 0x00, 0x00,
  0x0F, 0xC0, 0x00, 0x00, 0x00, 0xFC, 0x00, 0x00, 0x00, 0x0F, 0x80, 0x00,
  0x00, 0x00, 0xF8, 0x00, 0x00, 0x00, 0x0F, 0x00, 0x00, 0x00, 0x00, 0xE0,
  0x00, 0x00, 0x00, 0x0C, 0x00, 0x00, 0x00, 0x00, 0x80, 0x00, 0x00, 0x00,
  0x00, 0x01, 0xFF, 0xFF, 0xF8, 0x00, 0x3F, 0xFF, 0xFF, 0xC0, 0x07, 0xFF,
  0xFF, 0xFE, 0x00, 0x7F, 0xFF, 0xFF, 0xE0, 0x03, 0xFF, 0xFF, 0xFC, 0x03,
  0x1F, 0xFF, 0xFF, 0x8C, 0x78, 0x00, 0x00, 0x01, 0xEF, 0xC0, 0x00, 0x00,
  0x3F, 0xFC, 0x00, 0x00, 0x03, 0xFF, 0xC0, 0x00, 0x00, 0x3F, 0xFC, 0x00,
  0x00, 0x03, 0xFF, 0xC0, 0x00, 0x00, 0x3F, 0xFC, 0x00, 0x00, 0x03, 0xFF,
  0xC0, 0x00, 0x00, 0x3F, 0xFC, 0x00, 0x00, 0x03, 0xFF, 0xC0, 0x00, 0x00,
  0x3F, 0xFC, 0x00, 0x00, 0x03, 0xFF, 0xC0, 0x00, 0x00, 0x3F, 0xFC, 0x00,
  0x00, 0x03, 0xFF, 0xC0, 0x00, 0x00, 0x3F, 0xFC, 0x00, 0x00, 0x03, 0xFF,
  0xC0, 0x00, 0x00, 0x3F, 0xFC, 0x00, 0x00, 0x03, 0xFF, 0xC0, 0x00, 0x00,
  0x3F, 0xFC, 0x00, 0x00, 0x03, 0xFF, 0x80, 0x00, 0x00, 0x3F, 0xF0, 0x00,
  0x00, 0x01, 0xF6, 0x00, 0x00, 0x00, 0x0E, 0x20, 0x00, 0x00, 0x00, 0x40,
  0x00, 0x00, 0x00, 0x00, 0x00, 0x00, 0x00, 0x00, 0x02, 0x00, 0x00, 0x00,
  0x04, 0x70, 0x00, 0x00, 0x00, 0xEF, 0x80, 0x00, 0x00, 0x1F, 0xFC, 0x00,
  0x00, 0x01, 0xFF, 0xC0, 0x00, 0x00, 0x3F, 0xFC, 0x00, 0x00, 0x03, 0xFF,
  0xC0, 0x00, 0x00, 0x3F, 0xFC, 0x00, 0x00, 0x03, 0xFF, 0xC0, 0x00, 0x00,
  0x3F, 0xFC, 0x00, 0x00, 0x03, 0xFF, 0xC0, 0x00, 0x00, 0x3F, 0xFC, 0x00,
  0x00, 0x03, 0xFF, 0xC0, 0x00, 0x00, 0x3F, 0xFC, 0x00, 0x00, 0x03, 0xFF,
  0xC0, 0x00, 0x00, 0x3F, 0xFC, 0x00, 0x00, 0x03, 0xFF, 0xC0, 0x00, 0x00,
  0x1E, 0xFC, 0x00, 0x00, 0xF8, 0xCF, 0xC0, 0x00, 0x0F, 0xC8, 0xFC, 0x00,
  0x00, 0xFE, 0x0F, 0xC0, 0x00, 0x0F, 0xF0, 0xFC, 0x00, 0x00, 0xFF, 0x87,
  0xC0, 0x00, 0x07, 0xFC, 0x39, 0xFF, 0xFE, 0x3F, 0xE1, 0x3F, 0xFF, 0xF1,
  0xFF, 0x07, 0xFF, 0xFF, 0x8F, 0xF0, 0x7F, 0xFF, 0xF8, 0x3F, 0x03, 0xFF,
  0xFF, 0x01, 0xF0, 0x1F, 0xFF, 0xE0, 0x0F, 0x3F, 0xFF, 0xFF, 0xF8, 0x01,
  0xFF, 0xFF, 0xFF, 0xC0, 0x8F, 0xFF, 0xFF, 0xFE, 0x0C, 0x7F, 0xFF, 0xFF,
  0xE0, 0xE3, 0xFF, 0xFF, 0xFC, 0x0F, 0x1F, 0xFF, 0xFF, 0x8C, 0xF8, 0x00,
  0x00, 0x01, 0xEF, 0xC0, 0x00, 0x00, 0x3F, 0xFC, 0x00, 0x00, 0x03, 0xFF,
  0xC0, 0x00, 0x00, 0x3F, 0xFC, 0x00, 0x00, 0x03, 0xFF, 0xC0, 0x00, 0x00,
  0x3F, 0xFC, 0x00, 0x00, 0x03, 0xFF, 0xC0, 0x00, 0x00, 0x3F, 0xFC, 0x00,
  0x00, 0x03, 0xFF, 0xC0, 0x00, 0x00, 0x3F, 0xFC, 0x00, 0x00, 0x03, 0xFF,
  0xC0, 0x00, 0x00, 0x3F, 0xFC, 0x00, 0x00, 0x03, 0xFF, 0xC0, 0x00, 0x00,
  0x3F, 0xFC, 0x00, 0x00, 0x03, 0xFF, 0xC0, 0x00, 0x00, 0x3F, 0xFC, 0x00,
  0x00, 0x03, 0xFF, 0xC0, 0x00, 0x00, 0x3F, 0xFC, 0x00, 0x00, 0x03, 0xFF,
  0xC0, 0x00, 0x00, 0x1F, 0xF8, 0x00, 0x00, 0x00, 0xF7, 0x3F, 0xFF, 0xFF,
  0x86, 0x27, 0xFF, 0xFF, 0xFE, 0x40, 0xFF, 0xFF, 0xFF, 0xF0, 0x0F, 0xFF,
  0xFF, 0xFF, 0x02, 0x7F, 0xFF, 0xFF, 0xE0, 0x73, 0xFF, 0xFF, 0xF8, 0x0F,
  0x80, 0x00, 0x00, 0x00, 0xFC, 0x00, 0x00, 0x00, 0x0F, 0xC3, 0xE0, 0x00,
  0x00, 0xFC, 0x3F, 0x00, 0x00, 0x0F, 0xC3, 0xF8, 0x00, 0x00, 0xFC, 0x1F,
  0xC0, 0x00, 0x0F, 0xC1, 0xFE, 0x00, 0x00, 0xFC, 0x0F, 0xF0, 0x00, 0x0F,
  0xC0, 0x7F, 0x80, 0x00, 0xFC, 0x03, 0xFE, 0x00, 0x0F, 0xC0, 0x1F, 0xF0,
  0x00, 0xFC, 0x00, 0xFF, 0x80, 0x0F, 0xC0, 0x07, 0xFC, 0x00, 0xFC, 0x00,
  0x3F, 0xE0, 0x0F, 0xC0, 0x01, 0xFF, 0x00, 0xFC, 0x00, 0x0F, 0xF8, 0x0F,
  0xC0, 0x00, 0x7F, 0xC0, 0xFC, 0x00, 0x03, 0xFE, 0x0F, 0xC0, 0x00, 0x1F,
  0xF0, 0xFC, 0x00, 0x00, 0xFF, 0x8F, 0x80, 0x00, 0x07, 0xFC, 0xF8, 0x00,
  0x00, 0x3F, 0xEF, 0x00, 0x00, 0x00, 0xFF, 0xE0, 0x00, 0x00, 0x07, 0xFC,
  0x00, 0x00, 0x00, 0x3F, 0x80, 0x00, 0x00, 0x01, 0xF0, 0x01, 0xFF, 0xFF,
  0xFF, 0x80, 0x3F, 0xFF, 0xFF, 0xFC, 0x07, 0xFF, 0xFF, 0xFF, 0xF0, 0x7F,
  0xFF, 0xFF, 0xFE, 0x03, 0xFF, 0xFF, 0xFF, 0xC3, 0x1F, 0xFF, 0xFF, 0xFC,
  0x78, 0x00, 0x00, 0x00, 0x0F, 0xC0, 0x00, 0x00, 0x00, 0xFC, 0x00, 0x00,
  0x00, 0x0F, 0xC0, 0x00, 0x00, 0x00, 0xFC, 0x00, 0x00, 0x00, 0x0F, 0xC0,
  0x00, 0x00, 0x00, 0xFC, 0x00, 0x00, 0x00, 0x0F, 0xC0, 0x00, 0x00, 0x00,
  0xFC, 0x00, 0x00, 0x00, 0x0F, 0xC0, 0x00, 0x00, 0x00, 0xFC, 0x00, 0x00,
  0x00, 0x0F, 0xC0, 0x00, 0x00, 0x00, 0xFC, 0x00, 0x00, 0x00, 0x0F, 0xC0,
  0x00, 0x00, 0x00, 0xFC, 0x00, 0x00, 0x00, 0x0F, 0xC0, 0x00, 0x00, 0x00,
  0xFC, 0x00, 0x00, 0x00, 0x0F, 0xC0, 0x00, 0x00, 0x00, 0xFC, 0x00, 0x00,
  0x00, 0x0F, 0x80, 0x00, 0x00, 0x00, 0xF0, 0x00, 0x00, 0x00, 0x07, 0x3F,
  0xFF, 0xFF, 0x80, 0x27, 0xFF, 0xFF, 0xFE, 0x00, 0xFF, 0xFF, 0xFF, 0xF0,
  0x0F, 0xFF, 0xFF, 0xFF, 0x00, 0x7F, 0xFF, 0xFF, 0xE0, 0x03, 0xFF, 0xFF,
  0xF8, 0x60, 0x00, 0x00, 0x00, 0x0F, 0x00, 0x00, 0x00, 0x01, 0xF0, 0x00,
  0x00, 0x00, 0x3F, 0x00, 0x00, 0x00, 0x03, 0xF0, 0x00, 0x00, 0x00, 0x3F,
  0x00, 0x00, 0x00, 0x03, 0xF0, 0x00, 0x00, 0x00, 0x3F, 0x00, 0x00, 0x00,
  0x03, 0xF0, 0x00, 0x00, 0x00, 0x3F, 0x00, 0x00, 0x00, 0x03, 0xF0, 0x00,
  0x00, 0x00, 0x3F, 0x00, 0x00, 0x00, 0x03, 0xF0, 0x00, 0x00, 0x00, 0x3F,
  0x00, 0x00, 0x00, 0x03, 0xF0, 0x00, 0x00, 0x00, 0x3F, 0x00, 0x00, 0x00,
  0x03, 0xF0, 0x00, 0x00, 0x00, 0x3F, 0x00, 0x00, 0x00, 0x03, 0xF0, 0x00,
  0x00, 0x00, 0x3F, 0x00, 0x00, 0x00, 0x03, 0xF0, 0x00, 0x00, 0x00, 0x1E,
  0x3F, 0xFF, 0xFF, 0xF8, 0xC7, 0xFF, 0xFF, 0xFF, 0xC8, 0x7F, 0xFF, 0xFF,
  0xFE, 0x0F, 0xFF, 0xFF, 0xFF, 0xE0, 0x3F, 0xFF, 0xFF, 0xFC, 0x01, 0xFF,
  0xFF, 0xFF, 0x80, 0x7F, 0xFF, 0xFF, 0xFF, 0xE3, 0xFF, 0xFF, 0xFF, 0xFC,
  0x1F, 0xFF, 0xFF, 0xFF, 0x80, 0xFF, 0xFF, 0xFF, 0xF0, 0x07, 0xFF, 0xFF,
  0xFE, 0x00, 0x3F, 0xFF, 0xFF, 0xC0, 0x00, 0x00, 0x00, 0x00, 0x00, 0x00,
  0x04, 0x00, 0x00, 0x00, 0x00, 0x60, 0x00, 0x00, 0x00, 0x0F, 0x00, 0x00,
  0x00, 0x01, 0xF8, 0x00, 0x00, 0x00, 0x1F, 0x80, 0x00, 0x00, 0x01, 0xF8,
  0x00, 0x00, 0x00, 0x1F, 0x80, 0x00, 0x00, 0x01, 0xF8, 0x00, 0x00, 0x00,
  0x1F, 0x80, 0x00, 0x00, 0x01, 0xF8, 0x00, 0x00, 0x00, 0x1F, 0x80, 0x00,
  0x00, 0x01, 0xF8, 0x00, 0x00, 0x00, 0x1F, 0x80, 0x00, 0x00, 0x01, 0xF8,
  0x00, 0x00, 0x00, 0x1F, 0x80, 0x00, 0x00, 0x01, 0xF8, 0x00, 0x00, 0x00,
  0x1F, 0x80, 0x00, 0x00, 0x01, 0xF8, 0x00, 0x00, 0x00, 0x1F, 0x80, 0x00,
  0x00, 0x01, 0xF8, 0x00, 0x00, 0x00, 0x1F, 0x80, 0x00, 0x00, 0x01, 0xF8,
  0x00, 0x00, 0x00, 0x0F, 0x80, 0x00, 0x00, 0x00, 0x70, 0x00, 0x00, 0x00,
  0x02, 0x00, 0x00, 0x00, 0x00, 0x00, 0x00, 0x00, 0x00, 0x00, 0x00, 0x00,
  0x00, 0x00, 0x20, 0x00, 0x00, 0x00, 0x07, 0x00, 0x00, 0x00, 0x00, 0xF8,
  0x00, 0x00, 0x00, 0x1F, 0x80, 0x00, 0x00, 0x01, 0xF8, 0x00, 0x00, 0x00,
  0x1F, 0x80, 0x00, 0x00, 0x01, 0xF8, 0x00, 0x00, 0x00, 0x1F, 0x80, 0x00,
  0x00, 0x01, 0xF8, 0x00, 0x00, 0x00, 0x1F, 0x80, 0x00, 0x00, 0x01, 0xF8,
  0x00, 0x00, 0x00, 0x1F, 0x80, 0x00, 0x00, 0x01, 0xF8, 0x00, 0x00, 0x00,
  0x1F, 0x80, 0x00, 0x00, 0x01, 0xF8, 0x00, 0x00, 0x00, 0x1F, 0x80, 0x00,
  0x00, 0x01, 0xF8, 0x00, 0x00, 0x00, 0x1F, 0x80, 0x00, 0x00, 0x01, 0xF8,
  0x00, 0x00, 0x00, 0x1F, 0x80, 0x00, 0x00, 0x01, 0xF8, 0x00, 0x00, 0x00,
  0x1F, 0x80, 0x00, 0x00, 0x01, 0xF8, 0x00, 0x00, 0x00, 0x0F, 0x00, 0x00,
  0x00, 0x00, 0x60, 0x00, 0x00, 0x80, 0x00, 0x00, 0x00, 0x0C, 0x00, 0x00,
  0x00, 0x01, 0xE0, 0x00, 0x00, 0x00, 0x3F, 0x00, 0x00, 0x00, 0x07, 0xF8,
  0x00, 0x00, 0x00, 0xFF, 0xC0, 0x00, 0x00, 0x1F, 0xFC, 0x00, 0x00, 0x03,
  0xFF, 0xC0, 0x00, 0x00, 0x3F, 0xFC, 0x00, 0x00, 0x03, 0xFF, 0xC0, 0x00,
  0x00, 0x3F, 0xFC, 0x00, 0x00, 0x03, 0xFF, 0xC0, 0x00, 0x00, 0x3F, 0xFC,
  0x00, 0x00, 0x03, 0xFF, 0xC0, 0x00, 0x00, 0x3F, 0xFC, 0x00, 0x00, 0x03,
  0xFF, 0xC0, 0x00, 0x00, 0x3F, 0xFC, 0x00, 0x00, 0x03, 0xFF, 0xC0, 0x00,
  0x00, 0x3F, 0xFC, 0x00, 0x00, 0x03, 0xFF, 0xC0, 0x00, 0x00, 0x3F, 0xFC,
  0x00, 0x00, 0x03, 0xFF, 0xC0, 0x00, 0x00, 0x3F, 0xFC, 0x00, 0x00, 0x03,
  0xFF, 0xC0, 0x00, 0x00, 0x3F, 0xFC, 0x00, 0x00, 0x03, 0xFF, 0xC0, 0x00,
  0x00, 0x3F, 0xF8, 0x00, 0x00, 0x01, 0xF7, 0x00, 0x00, 0x00, 0x0E, 0x20,
  0x00, 0x00, 0x00, 0x40, 0x00, 0x00, 0x00, 0x00, 0x00, 0x00, 0x00, 0x00,
  0x02, 0x00, 0x00, 0x00, 0x04, 0x70, 0x00, 0x00, 0x00, 0xEF, 0x80, 0x00,
  0x00, 0x1F, 0xFC, 0x00, 0x00, 0x01, 0xFF, 0xC0, 0x00, 0x00, 0x3F, 0xFC,
  0x00, 0x00, 0x03, 0xFF, 0xC0, 0x00, 0x00, 0x3F, 0xFC, 0x00, 0x00, 0x03,
  0xFF, 0xC0, 0x00, 0x00, 0x3F, 0xFC, 0x00, 0x00, 0x03, 0xFF, 0xC0, 0x00,
  0x00, 0x3F, 0xFC, 0x00, 0x00, 0x03, 0xFF, 0xC0, 0x00, 0x00, 0x3F, 0xFC,
  0x00, 0x00, 0x03, 0xFF, 0xC0, 0x00, 0x00, 0x3F, 0xFC, 0x00, 0x00, 0x03,
  0xFF, 0xC0, 0x00, 0x00, 0x3F, 0xFC, 0x00, 0x00, 0x03, 0xFF, 0xC0, 0x00,
  0x00, 0x3F, 0xFC, 0x00, 0x00, 0x03, 0xFF, 0xC0, 0x00, 0x00, 0x3F, 0x78,
  0x00, 0x00, 0x03, 0xF3, 0x00, 0x00, 0x00, 0x1E, 0x01, 0xFF, 0xFF, 0xF8,
  0xC0, 0x3F, 0xFF, 0xFF, 0xC8, 0x07, 0xFF, 0xFF, 0xFE, 0x00, 0x7F, 0xFF,
  0xFF, 0xE0, 0x03, 0xFF, 0xFF, 0xFC, 0x00, 0x1F, 0xFF, 0xFF, 0x80, 0x00,
  0x00, 0x00, 0x00, 0x18, 0x00, 0x00, 0x00, 0x03, 0xC0, 0x00, 0x00, 0x00,
  0x7E, 0x00, 0x00, 0x00, 0x07, 0xF0, 0x00, 0x00, 0x00, 0xFF, 0x80, 0x00,
  0x00, 0x1F, 0xFC, 0x00, 0x00, 0x03, 0xFF, 0xC0, 0x00, 0x00, 0x3F, 0xFC,
  0x00, 0x00, 0x03, 0xFF, 0xC0, 0x00, 0x00, 0x3F, 0xFC, 0x00, 0x00, 0x03,
  0xFF, 0xC0, 0x00, 0x00, 0x3F, 0xFC, 0x00, 0x00, 0x03, 0xFF, 0xC0, 0x00,
  0x00, 0x3F, 0xFC, 0x00, 0x00, 0x03, 0xFF, 0xC0, 0x00, 0x00, 0x3F, 0xFC,
  0x00, 0x00, 0x03, 0xFF, 0xC0, 0x00, 0x00, 0x3F, 0xFC, 0x00, 0x00, 0x03,
  0xFF, 0xC0, 0x00, 0x00, 0x3F, 0xFC, 0x00, 0x00, 0x03, 0xFF, 0xC0, 0x00,
  0x00, 0x3F, 0xFC, 0x00, 0x00, 0x03, 0xFF, 0xC0, 0x00, 0x00, 0x3F, 0xFC,
  0x00, 0x00, 0x03, 0xFF, 0xC0, 0x00, 0x00, 0x1F, 0xF8, 0x00, 0x00, 0x01,
  0xF7, 0x00, 0x00, 0x00, 0x0E, 0x20, 0x00, 0x00, 0x00, 0x40, 0x00, 0x00,
  0x00, 0x00, 0x00, 0x00, 0x00, 0x00, 0x02, 0x00, 0x00, 0x00, 0xFC, 0x70,
  0x00, 0x00, 0x1F, 0x8F, 0x80, 0x00, 0x03, 0xF8, 0xFC, 0x00, 0x00, 0x7F,
  0x8F, 0xC0, 0x00, 0x0F, 0xF0, 0xFC, 0x00, 0x01, 0xFE, 0x0F, 0xC0, 0x00,
  0x3F, 0xE0, 0xFC, 0x00, 0x07, 0xFC, 0x0F, 0xC0, 0x00, 0xFF, 0x80, 0xFC,
  0x00, 0x0F, 0xF0, 0x0F, 0xC0, 0x01, 0xFE, 0x00, 0xFC, 0x00, 0x3F, 0xC0,
  0x0F, 0xC0, 0x07, 0xF8, 0x00, 0xFC, 0x00, 0xFF, 0x00, 0x0F, 0xC0, 0x1F,
  0xE0, 0x00, 0xFC, 0x03, 0xFC, 0x00, 0x0F, 0xC0, 0x7F, 0x80, 0x00, 0xFC,
  0x0F, 0xF0, 0x00, 0x0F, 0xC1, 0xFE, 0x00, 0x00, 0xFC, 0x3F, 0xC0, 0x00,
  0x0F, 0xC7, 0xF8, 0x00, 0x00, 0xFC, 0xFF, 0x00, 0x00, 0x0F, 0xCF, 0xE0,
  0x00, 0x00, 0xFC, 0xFC, 0x00, 0x00, 0x0F, 0xCF, 0x80, 0x00, 0x00, 0xFC,
  0xF0, 0x00, 0x00, 0x07, 0x80, 0x00, 0x00, 0x00, 0x30, 0x00, 0x00, 0x00,
  0x00, 0x00, 0x00, 0x00, 0x00, 0x18, 0x00, 0x00, 0x00, 0x03, 0xC0, 0x00,
  0x00, 0x00, 0x7E, 0x00, 0x00, 0x00, 0x07, 0xF0, 0x00, 0x00, 0x00, 0xFF,
  0x80, 0x00, 0x00, 0x1F, 0xFC, 0x00, 0x00, 0x03, 0xFF, 0xC0, 0x00, 0x00,
  0x3F, 0xFC, 0x00, 0x00, 0x03, 0xFF, 0xC0, 0x00, 0x00, 0x3F, 0xFC, 0x00,
  0x00, 0x03, 0xFF, 0xC0, 0x00, 0x00, 0x3F, 0xFC, 0x00, 0x00, 0x03, 0xFF,
  0xC0, 0x00, 0x00, 0x3F, 0xFC, 0x00, 0x00, 0x03, 0xFF, 0xC0, 0x00, 0x00,
  0x3F, 0xFC, 0x00, 0x00, 0x03, 0xFF, 0xC0, 0x00, 0x00, 0x3F, 0xFC, 0x00,
  0x00, 0x03, 0xFF, 0xC0, 0x00, 0x00, 0x3F, 0xFC, 0x00, 0x00, 0x03, 0xFF,
  0xC0, 0x00, 0x00, 0x3F, 0xFC, 0x00, 0x00, 0x03, 0xFF, 0xC0, 0x00, 0x00,
  0x3F, 0xFC, 0x00, 0x00, 0x03, 0xFF, 0xC0, 0x00, 0x00, 0x1F, 0xF8, 0x00,
  0x00, 0x01, 0xF7, 0x00, 0x00, 0x00, 0x0E, 0x20, 0x00, 0x00, 0x00, 0x40,
  0x00, 0x00, 0x00, 0x00, 0x00, 0x00, 0x00, 0x00, 0x02, 0x00, 0x04, 0x00,
  0x04, 0x70, 0x00, 0x60, 0x00, 0xEF, 0x80, 0x0F, 0x00, 0x1F, 0xF8, 0x01,
  0xF8, 0x01, 0xFF, 0xC0, 0x1F, 0x80, 0x3F, 0xFC, 0x01, 0xF8, 0x03, 0xFF,
  0xC0, 0x1F, 0x80, 0x3F, 0xFC, 0x01, 0xF8, 0x03, 0xFF, 0xC0, 0x1F, 0x80,
  0x3F, 0xFC, 0x01, 0xF8, 0x03, 0xFF, 0xC0, 0x1F, 0x80, 0x3F, 0xFC, 0x01,
  0xF8, 0x03, 0xFF, 0xC0, 0x1F, 0x80, 0x3F, 0xFC, 0x01, 0xF8, 0x03, 0xFF,
  0xC0, 0x1F, 0x80, 0x3F, 0xFC, 0x01, 0xF8, 0x03, 0xFF, 0xC0, 0x1F, 0x80,
  0x3F, 0xFC, 0x01, 0xF8, 0x03, 0xFF, 0xC0, 0x0F, 0x00, 0x3F, 0xFC, 0x00,
  0x60, 0x03, 0xFF, 0xC0, 0x04, 0x00, 0x3F, 0xFC, 0x00, 0x00, 0x03, 0xFF,
  0x80, 0x00, 0x00, 0x1F, 0xF1, 0xFF, 0xFF, 0xF8, 0xFE, 0x3F, 0xFF, 0xFF,
  0xC7, 0xC7, 0xFF, 0xFF, 0xFE, 0x38, 0xFF, 0xFF, 0xFF, 0xF1, 0x1F, 0xFF,
  0xFF, 0xFF, 0x83, 0xFF, 0xFF, 0xFF, 0xFC, 0xF0, 0x00, 0x00, 0x00, 0xFF,
  0x00, 0x00, 0x00, 0x1F, 0xF8, 0x00, 0x00, 0x01, 0xFF, 0x80, 0x00, 0x00,
  0x3F, 0xFC, 0x00, 0x00, 0x03, 0xFF, 0xE0, 0x00, 0x00, 0x7F, 0xFE, 0x00,
  0x00, 0x0F, 0xE7, 0xF0, 0x00, 0x00, 0xFE, 0x7F, 0x00, 0x00, 0x1F, 0xC3,
  0xF8, 0x00, 0x01, 0xFC, 0x1F, 0xC0, 0x00, 0x3F, 0x81, 0xFC, 0x00, 0x07,
  0xF0, 0x0F, 0xE0, 0x00, 0x7F, 0x00, 0xFE, 0x00, 0x0F, 0xE0, 0x07, 0xF0,
  0x00, 0xFE, 0x00, 0x3F, 0x80, 0x1F, 0xC0, 0x03, 0xF8, 0x03, 0xF8, 0x00,
  0x1F, 0xC0, 0x3F, 0x80, 0x01, 0xFC, 0x07, 0xF0, 0x00, 0x0F, 0xE0, 0x7F,
  0x00, 0x00, 0x7F, 0x0F, 0xE0, 0x00, 0x07, 0xF1, 0xFC, 0x00, 0x00, 0x3F,
  0x9F, 0xC0, 0x00, 0x03, 0xF9, 0xF8, 0x00, 0x00, 0x1F, 0x9F, 0x80, 0x00,
  0x00, 0xF9, 0xF0, 0x00, 0x00, 0x0F, 0x9E, 0x00, 0x00, 0x00, 0x79, 0xE0,
  0x00, 0x00, 0x07, 0x9C, 0x00, 0x00, 0x00, 0x00, 0x00, 0x00, 0x00, 0x00,
  0x00, 0x00, 0x00, 0x00, 0x79, 0xC0, 0x00, 0x00, 0x07, 0x9E, 0x00, 0x00,
  0x00, 0xF9, 0xE0, 0x00, 0x00, 0x0F, 0x9F, 0x00, 0x00, 0x01, 0xF9, 0xF8,
  0x00, 0x00, 0x3F, 0x9F, 0x80, 0x00, 0x03, 0xF9, 0xFC, 0x00, 0x00, 0x7F,
  0x1F, 0xC0, 0x00, 0x07, 0xF0, 0xFE, 0x00, 0x00, 0xFE, 0x07, 0xF0, 0x00,
  0x1F, 0xC0, 0x7F, 0x00, 0x01, 0xFC, 0x03, 0xF8, 0x00, 0x3F, 0x80, 0x3F,
  0x80, 0x03, 0xF8, 0x01, 0xFC, 0x00, 0x7F, 0x00, 0x0F, 0xE0, 0x0F, 0xE0,
  0x00, 0xFE, 0x00, 0xFE, 0x00, 0x07, 0xF0, 0x1F, 0xC0, 0x00, 0x7F, 0x01,
  0xFC, 0x00, 0x03, 0xF8, 0x3F, 0x80, 0x00, 0x1F, 0xC7, 0xF0, 0x00, 0x01,
  0xFC, 0x7F, 0x00, 0x00, 0x0F, 0xEF, 0xE0, 0x00, 0x00, 0xFE, 0xFE, 0x00,
  0x00, 0x07, 0xFF, 0xC0, 0x00, 0x00, 0x3F, 0xF8, 0x00, 0x00, 0x03, 0xFF,
  0x80, 0x00, 0x00, 0x1F, 0xF0, 0x00, 0x00, 0x01, 0xFF, 0x00, 0x00, 0x00,
  0x0F, 0x00, 0x00, 0x00, 0x00, 0x18, 0x00, 0x00, 0x00, 0x03, 0xC0, 0x00,
  0x00, 0x00, 0x7E, 0x00, 0x00, 0x00, 0x07, 0xF0, 0x00, 0x00, 0x00, 0xFF,
  0x80, 0x00, 0x00, 0x1F, 0xFC, 0x00, 0x00, 0x03, 0xFF, 0xC0, 0x00, 0x00,
  0x3F, 0xFC, 0x00, 0x00, 0x03, 0xFF, 0xC0, 0x00, 0x00, 0x3F, 0xFC, 0x00,
  0x00, 0x03, 0xFF, 0xC0, 0x00, 0x00, 0x3F, 0xFC, 0x00, 0x00, 0x03, 0xFF,
  0xC0, 0x00, 0x00, 0x3F, 0xFC, 0x00, 0x00, 0x03, 0xFF, 0xC0, 0x00, 0x00,
  0x3F, 0xFC, 0x00, 0x00, 0x03, 0xFF, 0xC0, 0x00, 0x00, 0x3F, 0xFC, 0x00,
  0x00, 0x03, 0xFF, 0xC0, 0x00, 0x00, 0x3F, 0xFC, 0x00, 0x00, 0x03, 0xFF,
  0xC0, 0x00, 0x00, 0x3F, 0xFC, 0x00, 0x00, 0x03, 0xFF, 0xC0, 0x00, 0x00,
  0x3F, 0xFC, 0x00, 0x00, 0x03, 0xFF, 0x80, 0x00, 0x00, 0x1F, 0xF0, 0x00,
  0x00, 0x01, 0xF7, 0x3F, 0xFF, 0xFF, 0x8E, 0x27, 0xFF, 0xFF, 0xFE, 0x40,
  0xFF, 0xFF, 0xFF, 0xF0, 0x0F, 0xFF, 0xFF, 0xFF, 0x00, 0x7F, 0xFF, 0xFF,
  0xE4, 0x03, 0xFF, 0xFF, 0xF8, 0xE0, 0x00, 0x00, 0x00, 0x1F, 0x00, 0x00,
  0x00, 0x01, 0xF0, 0x00, 0x00, 0x00, 0x3F, 0x00, 0x00, 0x00, 0x03, 0xF0,
  0x00, 0x00, 0x00, 0x3F, 0x00, 0x00, 0x00, 0x03, 0xF0, 0x00, 0x00, 0x00,
  0x3F, 0x00, 0x00, 0x00, 0x03, 0xF0, 0x00, 0x00, 0x00, 0x3F, 0x00, 0x00,
  0x00, 0x03, 0xF0, 0x00, 0x00, 0x00, 0x3F, 0x00, 0x00, 0x00, 0x03, 0xF0,
  0x00, 0x00, 0x00, 0x3F, 0x00, 0x00, 0x00, 0x03, 0xF0, 0x00, 0x00, 0x00,
  0x3F, 0x00, 0x00, 0x00, 0x03, 0xF0, 0x00, 0x00, 0x00, 0x3F, 0x00, 0x00,
  0x00, 0x03, 0xF0, 0x00, 0x00, 0x00, 0x3F, 0x00, 0x00, 0x00, 0x03, 0xF0,
  0x00, 0x00, 0x00, 0x1E, 0x01, 0xFF, 0xFF, 0xF8, 0xC0, 0x3F, 0xFF, 0xFF,
  0xC8, 0x07, 0xFF, 0xFF, 0xFE, 0x00, 0x7F, 0xFF, 0xFF, 0xE0, 0x03, 0xFF,
  0xFF, 0xFC, 0x00, 0x1F, 0xFF, 0xFF, 0x80, 0x7F, 0xFF, 0xFF, 0xFF, 0x83,
  0xFF, 0xFF, 0xFF, 0xFC, 0x1F, 0xFF, 0xFF, 0xFF, 0xE0, 0xFF, 0xFF, 0xFF,
  0xFE, 0x07, 0xFF, 0xFF, 0xFF, 0xC0, 0x3F, 0xFF, 0xFF, 0xF8, 0x00, 0x00,
  0x00, 0x00, 0x00, 0x00, 0x00, 0x00, 0x00, 0x00, 0x00, 0x00, 0x01, 0xF0,
  0x00, 0x00, 0x00, 0x3F, 0x00, 0x00, 0x00, 0x07, 0xF0, 0x00, 0x00, 0x00,
  0x7F, 0x00, 0x00, 0x00, 0x0F, 0xF0, 0x00, 0x00, 0x01, 0xFE, 0x00, 0x00,
  0x00, 0x3F, 0xC0, 0x00, 0x00, 0x03, 0xF8, 0x00, 0x00, 0x00, 0x7F, 0x00,
  0x00, 0x00, 0x0F, 0xF0, 0x00, 0x00, 0x01, 0xFE, 0x00, 0x00, 0x00, 0x3F,
  0xC0, 0x00, 0x00, 0x03, 0xF8, 0x00, 0x00, 0x00, 0x7F, 0x00, 0x00, 0x00,
  0x0F, 0xF0, 0x00, 0x00, 0x01, 0xFE, 0x00, 0x00, 0x00, 0x3F, 0xC0, 0x00,
  0x00, 0x03, 0xF8, 0x00, 0x00, 0x00, 0x3F, 0x80, 0x00, 0x00, 0x03, 0xF0,
  0x00, 0x00, 0x00, 0x38, 0x00, 0x00, 0x00, 0x00, 0x00, 0x00, 0x00, 0x00,
  0x00, 0x00, 0x00, 0x00, 0x70, 0x00, 0x00, 0x00, 0x0F, 0x00, 0x00, 0x00,
  0x01, 0xF0, 0x00, 0x00, 0x00, 0x3F, 0x80, 0x00, 0x00, 0x03, 0xF8, 0x00,
  0x00, 0x00, 0x7F, 0x80, 0x00, 0x00, 0x0F, 0xF0, 0x00, 0x00, 0x01, 0xFE,
  0x00, 0x00, 0x00, 0x1F, 0xC0, 0x00, 0x00, 0x03, 0xF8, 0x00, 0x00, 0x00,
  0x7F, 0x80, 0x00, 0x00, 0x0F, 0xF0, 0x00, 0x00, 0x01, 0xFE, 0x00, 0x00,
  0x00, 0x1F, 0xC0, 0x00, 0x00, 0x03, 0xF8, 0x00, 0x00, 0x00, 0x7F, 0x80,
  0x00, 0x00, 0x0F, 0xF0, 0x00, 0x00, 0x00, 0xFE, 0x00, 0x00, 0x00, 0x0F,
  0xC0, 0x00, 0x00, 0x00, 0xFC, 0x00, 0x00, 0x00, 0x0F, 0x80, 0x00, 0x00,
  0x00, 0x00, 0x00, 0x00, 0x00, 0x00, 0x00, 0x00, 0x00, 0x00, 0x1F, 0xFF,
  0xFF, 0xF8, 0x03, 0xFF, 0xFF, 0xFF, 0xC0, 0x7F, 0xFF, 0xFF, 0xFE, 0x07,
  0xFF, 0xFF, 0xFF, 0xF0, 0x3F, 0xFF, 0xFF, 0xFF, 0x81, 0xFF, 0xFF, 0xFF,
  0xFC, 0x3F, 0xFF, 0xE1, 0xFF, 0xFC, 0x8F, 0xFF, 0x8C, 0x7F, 0xF0, 0xE3,
  0xFE, 0x0F, 0x1F, 0xC0, 0xF8, 0x00, 0x0F, 0xC0, 0x00, 0xFC, 0x00, 0x0F,
  0xC0, 0x00, 0xFC, 0x00, 0x0F, 0xC0, 0x00, 0xFC, 0x00, 0x0F, 0xC0, 0x00,
  0xFC, 0x00, 0x0F, 0xC0, 0x00, 0xFC, 0x00, 0x0F, 0xC0, 0x00, 0xFC, 0x00,
  0x0F, 0xC0, 0x00, 0xFC, 0x00, 0x0F, 0xC0, 0x00, 0xFC, 0x00, 0x0F, 0xC0,
  0x00, 0xFC, 0x00, 0x0F, 0xC0, 0x00, 0xF8, 0x00, 0x07, 0x00, 0x00, 0x20,
  0x00, 0x00, 0x00, 0x00, 0x00, 0x00, 0x02, 0x00, 0x00, 0x70, 0x00, 0x0F,
  0x80, 0x00, 0xF8, 0x00, 0x0F, 0xC0, 0x00, 0xFC, 0x00, 0x0F, 0xC0, 0x00,
  0xFC, 0x00, 0x0F, 0xC0, 0x00, 0xFC, 0x00, 0x0F, 0xC0, 0x00, 0xFC, 0x00,
  0x0F, 0xC0, 0x00, 0xFC, 0x00, 0x0F, 0xC0, 0x00, 0xFC, 0x00, 0x0F, 0xC0,
  0x00, 0xFC, 0x00, 0x0F, 0xC0, 0x00, 0xFC, 0x00, 0x0F, 0xC0, 0x00, 0xFC,
  0x00, 0x0F, 0x80, 0x00, 0xF1, 0xFC, 0x0E, 0x3F, 0xE0, 0xC7, 0xFF, 0x08,
  0xFF, 0xF8, 0x1F, 0xFF, 0xC3, 0xFF, 0xFE, 0xC0, 0x00, 0x00, 0x00, 0x03,
  0xE0, 0x00, 0x00, 0x00, 0x1F, 0xE0, 0x00, 0x00, 0x00, 0x7F, 0x00, 0x00,
  0x00, 0x01, 0xFC, 0x00, 0x00, 0x00, 0x0F, 0xE0, 0x00, 0x00, 0x00, 0x3F,
  0x80, 0x00, 0x00, 0x01, 0xFE, 0x00, 0x00, 0x00, 0x07, 0xF0, 0x00, 0x00,
  0x00, 0x1F, 0xC0, 0x00, 0x00, 0x00, 0xFE, 0x00, 0x00, 0x00, 0x03, 0xF8,
  0x00, 0x00, 0x00, 0x1F, 0xC0, 0x00, 0x00, 0x00, 0x7F, 0x00, 0x00, 0x00,
  0x03, 0xFC, 0x00, 0x00, 0x00, 0x0F, 0xE0, 0x00, 0x00, 0x00, 0x3F, 0x80,
  0x00, 0x00, 0x01, 0xFC, 0x00, 0x00, 0x00, 0x07, 0xF0, 0x00, 0x00, 0x00,
  0x3F, 0xC0, 0x00, 0x00, 0x00, 0xFE, 0x00, 0x00, 0x00, 0x03, 0xF8, 0x00,
  0x00, 0x00, 0x1F, 0xC0, 0x00, 0x00, 0x00, 0x7E, 0x00, 0x00, 0x00, 0x03,
  0xE0, 0x00, 0x00, 0x00, 0x0F, 0x00, 0x00, 0x00, 0x00, 0x38, 0x00, 0x00,
  0x00, 0x00, 0x00, 0x00, 0x00, 0x00, 0x00, 0x00, 0x00, 0x00, 0x00, 0x00,
  0x00, 0x00, 0x00, 0x00, 0x38, 0x00, 0x00, 0x00, 0x01, 0xF8, 0x00, 0x00,
  0x00, 0x1F, 0xC0, 0x00, 0x00, 0x00, 0x7F, 0x00, 0x00, 0x00, 0x03, 0xF8,
  0x00, 0x00, 0x00, 0x0F, 0xE0, 0x00, 0x00, 0x00, 0x7F, 0x00, 0x00, 0x00,
  0x01, 0xFC, 0x00, 0x00, 0x00, 0x07, 0xF0, 0x00, 0x00, 0x00, 0x3F, 0x80,
  0x00, 0x00, 0x00, 0xFE, 0x00, 0x00, 0x00, 0x07, 0xF0, 0x00, 0x00, 0x00,
  0x1F, 0xC0, 0x00, 0x00, 0x00, 0x7F, 0x00, 0x00, 0x00, 0x03, 0xF8, 0x00,
  0x00, 0x00, 0x0F, 0xE0, 0x00, 0x00, 0x00, 0x7F, 0x00, 0x00, 0x00, 0x01,
  0xFC, 0x00, 0x00, 0x00, 0x0F, 0xE0, 0x00, 0x00, 0x00, 0x3F, 0x80, 0x00,
  0x00, 0x00, 0xFE, 0x00, 0x00, 0x00, 0x07, 0xF0, 0x00, 0x00, 0x00, 0x1F,
  0x80, 0x00, 0x00, 0x00, 0xF8, 0x00, 0x00, 0x00, 0x03, 0xC0, 0x00, 0x00,
  0x00, 0x0E, 0x00, 0x00, 0x00, 0x00, 0x70, 0x00, 0x00, 0x00, 0x01, 0x00,
  0x00, 0x00, 0x00, 0x08, 0x7F, 0xFF, 0xC3, 0xFF, 0xF8, 0x1F, 0xFF, 0x10,
  0xFF, 0xE3, 0x07, 0xFC, 0x70, 0x3F, 0x8F, 0x00, 0x01, 0xF0, 0x00, 0x3F,
  0x00, 0x03, 0xF0, 0x00, 0x3F, 0x00, 0x03, 0xF0, 0x00, 0x3F, 0x00, 0x03,
  0xF0, 0x00, 0x3F, 0x00, 0x03, 0xF0, 0x00, 0x3F, 0x00, 0x03, 0xF0, 0x00,
  0x3F, 0x00, 0x03, 0xF0, 0x00, 0x3F, 0x00, 0x03, 0xF0, 0x00, 0x3F, 0x00,
  0x03, 0xF0, 0x00, 0x3F, 0x00, 0x03, 0xF0, 0x00, 0x3F, 0x00, 0x01, 0xF0,
  0x00, 0x0E, 0x00, 0x00, 0x40, 0x00, 0x00, 0x00, 0x00, 0x00, 0x00, 0x04,
  0x00, 0x00, 0xE0, 0x00, 0x1F, 0x00, 0x01, 0xF0, 0x00, 0x3F, 0x00, 0x03,
  0xF0, 0x00, 0x3F, 0x00, 0x03, 0xF0, 0x00, 0x3F, 0x00, 0x03, 0xF0, 0x00,
  0x3F, 0x00, 0x03, 0xF0, 0x00, 0x3F, 0x00, 0x03, 0xF0, 0x00, 0x3F, 0x00,
  0x03, 0xF0, 0x00, 0x3F, 0x00, 0x03, 0xF0, 0x00, 0x3F, 0x00, 0x03, 0xF0,
  0x00, 0x3F, 0x00, 0x03, 0xF0, 0x00, 0x1F, 0x03, 0xF8, 0xF0, 0x7F, 0xC7,
  0x0F, 0xFE, 0x31, 0xFF, 0xF1, 0x3F, 0xFF, 0x87, 0xFF, 0xFC, 0x00, 0x02,
  0x40, 0x00, 0x00, 0x06, 0x60, 0x00, 0x00, 0x0E, 0x70, 0x00, 0x00, 0x1E,
  0x78, 0x00, 0x00, 0x1E, 0x7C, 0x00, 0x00, 0x3E, 0x7E, 0x00, 0x00, 0x7E,
  0x7E, 0x00, 0x00, 0xFE, 0x7F, 0x00, 0x01, 0xFE, 0x7F, 0x80, 0x03, 0xFC,
  0x3F, 0xC0, 0x07, 0xF8, 0x1F, 0xE0, 0x0F, 0xF0, 0x0F, 0xF0, 0x1F, 0xE0,
  0x07, 0xF8, 0x3F, 0xC0, 0x03, 0xFC, 0x7F, 0x80, 0x01, 0xFE, 0xFF, 0x00,
  0x00, 0xFF, 0xFE, 0x00, 0x00, 0x7F, 0xFC, 0x00, 0x00, 0x3F, 0xF8, 0x00,
  0x00, 0x1F, 0xE0, 0x00, 0x00, 0x0F, 0x1F, 0xFF, 0xFF, 0xFE, 0x0F, 0xFF,
  0xFF, 0xFF, 0xC7, 0xFF, 0xFF, 0xFF, 0xF9, 0xFF, 0xFF, 0xFF, 0xFE, 0x3F,
  0xFF, 0xFF, 0xFF, 0x07, 0xFF, 0xFF, 0xFF, 0x80, 0x0C, 0x07, 0x83, 0xF8,
  0x7F, 0x87, 0xF0, 0x7F, 0x0F, 0xE0, 0xFE, 0x1F, 0xC1, 0xFC, 0x1F, 0x83,
  0xE0, 0x3C, 0x3F, 0xFF, 0xFF, 0xFF, 0xC1, 0xFF, 0xFF, 0xFF, 0xF9, 0x8F,
  0xFF, 0xFF, 0xFF, 0x3C, 0x7F, 0xFF, 0xFF, 0xE3, 0xE3, 0xFF, 0xFF, 0xFC,
  0x7F, 0x1F, 0xFF, 0xFF, 0x8F, 0xF8, 0x00, 0x00, 0x01, 0xFF, 0xC0, 0x00,
  0x00, 0x3F, 0xFC, 0x00, 0x00, 0x03, 0xFF, 0xC0, 0x00, 0x00, 0x3F, 0xFC,
  0x00, 0x00, 0x03, 0xFF, 0xC0, 0x00, 0x00, 0x3F, 0xFC, 0x00, 0x00, 0x03,
  0xFF, 0xC0, 0x00, 0x00, 0x3F, 0xFC, 0x00, 0x00, 0x03, 0xFF, 0xC0, 0x00,
  0x00, 0x3F, 0xFC, 0x00, 0x00, 0x03, 0xFF, 0xC0, 0x00, 0x00, 0x3F, 0xFC,
  0x00, 0x00, 0x03, 0xFF, 0xC0, 0x00, 0x00, 0x3F, 0xFC, 0x00, 0x00, 0x03,
  0xFF, 0xC0, 0x00, 0x00, 0x3F, 0xFC, 0x00, 0x00, 0x03, 0xFF, 0xC0, 0x00,
  0x00, 0x3F, 0xFC, 0x00, 0x00, 0x03, 0xFF, 0xC0, 0x00, 0x00, 0x1F, 0xF8,
  0x00, 0x00, 0x00, 0xF7, 0x3F, 0xFF, 0xFF, 0x86, 0x27, 0xFF, 0xFF, 0xFE,
  0x40, 0xFF, 0xFF, 0xFF, 0xF0, 0x0F, 0xFF, 0xFF, 0xFF, 0x02, 0x7F, 0xFF,
  0xFF, 0xE4, 0x73, 0xFF, 0xFF, 0xF8, 0xEF, 0x80, 0x00, 0x00, 0x1F, 0xFC,
  0x00, 0x00, 0x01, 0xFF, 0xC0, 0x00, 0x00, 0x3F, 0xFC, 0x00, 0x00, 0x03,
  0xFF, 0xC0, 0x00, 0x00, 0x3F, 0xFC, 0x00, 0x00, 0x03, 0xFF, 0xC0, 0x00,
  0x00, 0x3F, 0xFC, 0x00, 0x00, 0x03, 0xFF, 0xC0, 0x00, 0x00, 0x3F, 0xFC,
  0x00, 0x00, 0x03, 0xFF, 0xC0, 0x00, 0x00, 0x3F, 0xFC, 0x00, 0x00, 0x03,
  0xFF, 0xC0, 0x00, 0x00, 0x3F, 0xFC, 0x00, 0x00, 0x03, 0xFF, 0xC0, 0x00,
  0x00, 0x3F, 0xFC, 0x00, 0x00, 0x03, 0xFF, 0xC0, 0x00, 0x00, 0x3F, 0xFC,
  0x00, 0x00, 0x03, 0xFF, 0xC0, 0x00, 0x00, 0x3F, 0xFC, 0x00, 0x00, 0x03,
  0xFF, 0x80, 0x00, 0x00, 0x3F, 0xF8, 0x00, 0x00, 0x01, 0xFF, 0x00, 0x00,
  0x00, 0x0F, 0xE0, 0x00, 0x00, 0x00, 0x7C, 0x00, 0x00, 0x00, 0x03, 0x80,
  0x00, 0x00, 0x00, 0x10, 0x00, 0x00, 0x00, 0x00, 0x3F, 0xFF, 0xFF, 0xF8,
  0x01, 0xFF, 0xFF, 0xFF, 0xC0, 0x8F, 0xFF, 0xFF, 0xFE, 0x0C, 0x7F, 0xFF,
  0xFF, 0xE0, 0xE3, 0xFF, 0xFF, 0xFC, 0x0F, 0x1F, 0xFF, 0xFF, 0x8C, 0xF8,
  0x00, 0x00, 0x01, 0xEF, 0xC0, 0x00, 0x00, 0x3F, 0xFC, 0x00, 0x00, 0x03,
  0xFF, 0xC0, 0x00, 0x00, 0x3F, 0xFC, 0x00, 0x00, 0x03, 0xFF, 0xC0, 0x00,
  0x00, 0x3F, 0xFC, 0x00, 0x00, 0x03, 0xFF, 0xC0, 0x00, 0x00, 0x3F, 0xFC,
  0x00, 0x00, 0x03, 0xFF, 0xC0, 0x00, 0x00, 0x3F, 0xFC, 0x00, 0x00, 0x03,
  0xFF, 0xC0, 0x00, 0x00, 0x3F, 0xFC, 0x00, 0x00, 0x03, 0xFF, 0xC0, 0x00,
  0x00, 0x3F, 0xFC, 0x00, 0x00, 0x03, 0xFF, 0xC0, 0x00, 0x00, 0x3F, 0xFC,
  0x00, 0x00, 0x03, 0xFF, 0xC0, 0x00, 0x00, 0x3F, 0xFC, 0x00, 0x00, 0x03,
  0xFF, 0xC0, 0x00, 0x00, 0x1F, 0xF8, 0x00, 0x00, 0x00, 0xF7, 0x3F, 0xFF,
  0xFF, 0x86, 0x27, 0xFF, 0xFF, 0xFE, 0x40, 0xFF, 0xFF, 0xFF, 0xF0, 0x0F,
  0xFF, 0xFF, 0xFF, 0x02, 0x7F, 0xFF, 0xFF, 0xE4, 0x73, 0xFF, 0xFF, 0xF8,
  0xEF, 0x80, 0x00, 0x00, 0x1F, 0xF8, 0x00, 0x00, 0x01, 0xFF, 0xC0, 0x00,
  0x00, 0x3F, 0xFC, 0x00, 0x00, 0x03, 0xFF, 0xC0, 0x00, 0x00, 0x3F, 0xFC,
  0x00, 0x00, 0x03, 0xFF, 0xC0, 0x00, 0x00, 0x3F, 0xFC, 0x00, 0x00, 0x03,
  0xFF, 0xC0, 0x00, 0x00, 0x3F, 0xFC, 0x00, 0x00, 0x03, 0xFF, 0xC0, 0x00,
  0x00, 0x3F, 0xFC, 0x00, 0x00, 0x03, 0xFF, 0xC0, 0x00, 0x00, 0x3F, 0xFC,
  0x00, 0x00, 0x03, 0xFF, 0xC0, 0x00, 0x00, 0x3F, 0xFC, 0x00, 0x00, 0x03,
  0xFF, 0xC0, 0x00, 0x00, 0x3F, 0xFC, 0x00, 0x00, 0x03, 0xFF, 0xC0, 0x00,
  0x00, 0x3F, 0xFC, 0x00, 0x00, 0x03, 0xFF, 0x80, 0x00, 0x00, 0x1E, 0xF1,
  0xFF, 0xFF, 0xF8, 0xCE, 0x3F, 0xFF, 0xFF, 0xC8, 0xC7, 0xFF, 0xFF, 0xFE,
  0x08, 0xFF, 0xFF, 0xFF, 0xE0, 0x1F, 0xFF, 0xFF, 0xFC, 0x03, 0xFF, 0xFF,
  0xFF, 0x80, 0x01, 0xFF, 0xFF, 0xFF, 0xE0, 0x3F, 0xFF, 0xFF, 0xFC, 0x07,
  0xFF, 0xFF, 0xFF, 0x80, 0x7F, 0xFF, 0xFF, 0xF0, 0x03, 0xFF, 0xFF, 0xFE,
  0x03, 0x1F, 0xFF, 0xFF, 0xC0, 0x78, 0x00, 0x00, 0x00, 0x0F, 0xC0, 0x00,
  0x00, 0x00, 0xFC, 0x00, 0x00, 0x00, 0x0F, 0xC0, 0x00, 0x00, 0x00, 0xFC,
  0x00, 0x00, 0x00, 0x0F, 0xC0, 0x00, 0x00, 0x00, 0xFC, 0x00, 0x00, 0x00,
  0x0F, 0xC0, 0x00, 0x00, 0x00, 0xFC, 0x00, 0x00, 0x00, 0x0F, 0xC0, 0x00,
  0x00, 0x00, 0xFC, 0x00, 0x00, 0x00, 0x0F, 0xC0, 0x00, 0x00, 0x00, 0xFC,
  0x00, 0x00, 0x00, 0x0F, 0xC0, 0x00, 0x00, 0x00, 0xFC, 0x00, 0x00, 0x00,
  0x0F, 0xC0, 0x00, 0x00, 0x00, 0xFC, 0x00, 0x00, 0x00, 0x0F, 0xC0, 0x00,
  0x00, 0x00, 0xFC, 0x00, 0x00, 0x00, 0x0F, 0xC0, 0x00, 0x00, 0x00, 0xF8,
  0x00, 0x00, 0x00, 0x07, 0x00, 0x00, 0x00, 0x00, 0x20, 0x00, 0x00, 0x00,
  0x00, 0x00, 0x00, 0x00, 0x00, 0x00, 0x00, 0x00, 0x00, 0x02, 0x00, 0x00,
  0x00, 0x00, 0x70, 0x00, 0x00, 0x00, 0x0F, 0x80, 0x00, 0x00, 0x00, 0xF8,
  0x00, 0x00, 0x00, 0x0F, 0xC0, 0x00, 0x00, 0x00, 0xFC, 0x00, 0x00, 0x00,
  0x0F, 0xC0, 0x00, 0x00, 0x00, 0xFC, 0x00, 0x00, 0x00, 0x0F, 0xC0, 0x00,
  0x00, 0x00, 0xFC, 0x00, 0x00, 0x00, 0x0F, 0xC0, 0x00, 0x00, 0x00, 0xFC,
  0x00, 0x00, 0x00, 0x0F, 0xC0, 0x00, 0x00, 0x00, 0xFC, 0x00, 0x00, 0x00,
  0x0F, 0xC0, 0x00, 0x00, 0x00, 0xFC, 0x00, 0x00, 0x00, 0x0F, 0xC0, 0x00,
  0x00, 0x00, 0xFC, 0x00, 0x00, 0x00, 0x0F, 0xC0, 0x00, 0x00, 0x00, 0xFC,
  0x00, 0x00, 0x00, 0x0F, 0xC0, 0x00, 0x00, 0x00, 0xFC, 0x00, 0x00, 0x00,
  0x07, 0x80, 0x00, 0x00, 0x00, 0x31, 0xFF, 0xFF, 0xFC, 0x02, 0x3F, 0xFF,
  0xFF, 0xE0, 0x07, 0xFF, 0xFF, 0xFF, 0x00, 0x7F, 0xFF, 0xFF, 0xF8, 0x03,
  0xFF, 0xFF, 0xFF, 0xC0, 0x1F, 0xFF, 0xFF, 0xFE, 0x3F, 0xFF, 0xFF, 0xF8,
  0x01, 0xFF, 0xFF, 0xFF, 0xC0, 0x8F, 0xFF, 0xFF, 0xFE, 0x0C, 0x7F, 0xFF,
  0xFF, 0xE0, 0xE3, 0xFF, 0xFF, 0xFC, 0x0F, 0x1F, 0xFF, 0xFF, 0x8C, 0xF8,
  0x00, 0x00, 0x01, 0xEF, 0xC0, 0x00, 0x00, 0x3F, 0xFC, 0x00, 0x00, 0x03,
  0xFF, 0xC0, 0x00, 0x00, 0x3F, 0xFC, 0x00, 0x00, 0x03, 0xFF, 0xC0, 0x00,
  0x00, 0x3F, 0xFC, 0x00, 0x00, 0x03, 0xFF, 0xC0, 0x00, 0x00, 0x3F, 0xFC,
  0x00, 0x00, 0x03, 0xFF, 0xC0, 0x00, 0x00, 0x3F, 0xFC, 0x00, 0x00, 0x03,
  0xFF, 0xC0, 0x00, 0x00, 0x3F, 0xFC, 0x00, 0x00, 0x03, 0xFF, 0xC0, 0x00,
  0x00, 0x3F, 0xFC, 0x00, 0x00, 0x03, 0xFF, 0xC0, 0x00, 0x00, 0x3F, 0xFC,
  0x00, 0x00, 0x03, 0xFF, 0xC0, 0x00, 0x00, 0x3F, 0xFC, 0x00, 0x00, 0x03,
  0xFF, 0xC0, 0x00, 0x00, 0x1F, 0xF8, 0x00, 0x00, 0x00, 0xF7, 0x00, 0x00,
  0x00, 0x06, 0x20, 0x00, 0x00, 0x00, 0x40, 0x00, 0x00, 0x00, 0x00, 0x00,
  0x00, 0x00, 0x00, 0x02, 0x00, 0x00, 0x00, 0x04, 0x70, 0x00, 0x00, 0x00,
  0xEF, 0x80, 0x00, 0x00, 0x1F, 0xF8, 0x00, 0x00, 0x01, 0xFF, 0xC0, 0x00,
  0x00, 0x3F, 0xFC, 0x00, 0x00, 0x03, 0xFF, 0xC0, 0x00, 0x00, 0x3F, 0xFC,
  0x00, 0x00, 0x03, 0xFF, 0xC0, 0x00, 0x00, 0x3F, 0xFC, 0x00, 0x00, 0x03,
  0xFF, 0xC0, 0x00, 0x00, 0x3F, 0xFC, 0x00, 0x00, 0x03, 0xFF, 0xC0, 0x00,
  0x00, 0x3F, 0xFC, 0x00, 0x00, 0x03, 0xFF, 0xC0, 0x00, 0x00, 0x3F, 0xFC,
  0x00, 0x00, 0x03, 0xFF, 0xC0, 0x00, 0x00, 0x3F, 0xFC, 0x00, 0x00, 0x03,
  0xFF, 0xC0, 0x00, 0x00, 0x3F, 0xFC, 0x00, 0x00, 0x03, 0xFF, 0xC0, 0x00,
  0x00, 0x3F, 0xFC, 0x00, 0x00, 0x03, 0xFF, 0x80, 0x00, 0x00, 0x1E, 0xF1,
  0xFF, 0xFF, 0xF8, 0xCE, 0x3F, 0xFF, 0xFF, 0xC8, 0xC7, 0xFF, 0xFF, 0xFE,
  0x08, 0xFF, 0xFF, 0xFF, 0xE0, 0x1F, 0xFF, 0xFF, 0xFC, 0x03, 0xFF, 0xFF,
  0xFF, 0x80, 0x3F, 0xFF, 0xFF, 0xFF, 0xE1, 0xFF, 0xFF, 0xFF, 0xFC, 0x8F,
  0xFF, 0xFF, 0xFF, 0x8C, 0x7F, 0xFF, 0xFF, 0xF0, 0xE3, 0xFF, 0xFF, 0xFE,
  0x0F, 0x1F, 0xFF, 0xFF, 0xC0, 0xF8, 0x00, 0x00, 0x00, 0x0F, 0xC0, 0x00,
  0x00, 0x00, 0xFC, 0x00, 0x00, 0x00, 0x0F, 0xC0, 0x00, 0x00, 0x00, 0xFC,
  0x00, 0x00, 0x00, 0x0F, 0xC0, 0x00, 0x00, 0x00, 0xFC, 0x00, 0x00, 0x00,
  0x0F, 0xC0, 0x00, 0x00, 0x00, 0xFC, 0x00, 0x00, 0x00, 0x0F, 0xC0, 0x00,
  0x00, 0x00, 0xFC, 0x00, 0x00, 0x00, 0x0F, 0xC0, 0x00, 0x00, 0x00, 0xFC,
  0x00, 0x00, 0x00, 0x0F, 0xC0, 0x00, 0x00, 0x00, 0xFC, 0x00, 0x00, 0x00,
  0x0F, 0xC0, 0x00, 0x00, 0x00, 0xFC, 0x00, 0x00, 0x00, 0x0F, 0xC0, 0x00,
  0x00, 0x00, 0xFC, 0x00, 0x00, 0x00, 0x0F, 0xC0, 0x00, 0x00, 0x00, 0xF8,
  0x00, 0x00, 0x00, 0x07, 0x3F, 0xFF, 0xFF, 0x80, 0x27, 0xFF, 0xFF, 0xFE,
  0x00, 0xFF, 0xFF, 0xFF, 0xF0, 0x0F, 0xFF, 0xFF, 0xFF, 0x02, 0x7F, 0xFF,
  0xFF, 0xE0, 0x73, 0xFF, 0xFF, 0xF8, 0x0F, 0x80, 0x00, 0x00, 0x00, 0xF8,
  0x00, 0x00, 0x00, 0x0F, 0xC0, 0x00, 0x00, 0x00, 0xFC, 0x00, 0x00, 0x00,
  0x0F, 0xC0, 0x00, 0x00, 0x00, 0xFC, 0x00, 0x00, 0x00, 0x0F, 0xC0, 0x00,
  0x00, 0x00, 0xFC, 0x00, 0x00, 0x00, 0x0F, 0xC0, 0x00, 0x00, 0x00, 0xFC,
  0x00, 0x00, 0x00, 0x0F, 0xC0, 0x00, 0x00, 0x00, 0xFC, 0x00, 0x00, 0x00,
  0x0F, 0xC0, 0x00, 0x00, 0x00, 0xFC, 0x00, 0x00, 0x00, 0x0F, 0xC0, 0x00,
  0x00, 0x00, 0xFC, 0x00, 0x00, 0x00, 0x0F, 0xC0, 0x00, 0x00, 0x00, 0xFC,
  0x00, 0x00, 0x00, 0x0F, 0xC0, 0x00, 0x00, 0x00, 0xFC, 0x00, 0x00, 0x00,
  0x0F, 0x80, 0x00, 0x00, 0x00, 0xF1, 0xFF, 0xFF, 0xFC, 0x0E, 0x3F, 0xFF,
  0xFF, 0xE0, 0xC7, 0xFF, 0xFF, 0xFF, 0x08, 0xFF, 0xFF, 0xFF, 0xF8, 0x1F,
  0xFF, 0xFF, 0xFF, 0xC3, 0xFF, 0xFF, 0xFF, 0xFE, 0x3F, 0xFF, 0xFF, 0xFF,
  0xE1, 0xFF, 0xFF, 0xFF, 0xFC, 0x8F, 0xFF, 0xFF, 0xFF, 0x8C, 0x7F, 0xFF,
  0xFF, 0xF0, 0xE3, 0xFF, 0xFF, 0xFE, 0x0F, 0x1F, 0xFF, 0xFF, 0xC0, 0xF8,
  0x00, 0x00, 0x00, 0x0F, 0xC0, 0x00, 0x00, 0x00, 0xFC, 0x00, 0x00, 0x00,
  0x0F, 0xC0, 0x00, 0x00, 0x00, 0xFC, 0x00, 0x00, 0x00, 0x0F, 0xC0, 0x00,
  0x00, 0x00, 0xFC, 0x00, 0x00, 0x00, 0x0F, 0xC0, 0x00, 0x00, 0x00, 0xFC,
  0x00, 0x00, 0x00, 0x0F, 0xC0, 0x00, 0x00, 0x00, 0xFC, 0x00, 0x00, 0x00,
  0x0F, 0xC0, 0x00, 0x00, 0x00, 0xFC, 0x00, 0x00, 0x00, 0x0F, 0xC0, 0x00,
  0x00, 0x00, 0xFC, 0x00, 0x00, 0x00, 0x0F, 0xC0, 0x00, 0x00, 0x00, 0xFC,
  0x00, 0x00, 0x00, 0x0F, 0xC0, 0x00, 0x00, 0x00, 0xFC, 0x00, 0x00, 0x00,
  0x0F, 0xC0, 0x00, 0x00, 0x00, 0xF8, 0x00, 0x00, 0x00, 0x07, 0x3F, 0xFF,
  0xFF, 0x80, 0x27, 0xFF, 0xFF, 0xFE, 0x00, 0xFF, 0xFF, 0xFF, 0xF0, 0x0F,
  0xFF, 0xFF, 0xFF, 0x02, 0x7F, 0xFF, 0xFF, 0xE0, 0x73, 0xFF, 0xFF, 0xF8,
  0x0F, 0x80, 0x00, 0x00, 0x00, 0xF8, 0x00, 0x00, 0x00, 0x0F, 0xC0, 0x00,
  0x00, 0x00, 0xFC, 0x00, 0x00, 0x00, 0x0F, 0xC0, 0x00, 0x00, 0x00, 0xFC,
  0x00, 0x00, 0x00, 0x0F, 0xC0, 0x00, 0x00, 0x00, 0xFC, 0x00, 0x00, 0x00,
  0x0F, 0xC0, 0x00, 0x00, 0x00, 0xFC, 0x00, 0x00, 0x00, 0x0F, 0xC0, 0x00,
  0x00, 0x00, 0xFC, 0x00, 0x00, 0x00, 0x0F, 0xC0, 0x00, 0x00, 0x00, 0xFC,
  0x00, 0x00, 0x00, 0x0F, 0xC0, 0x00, 0x00, 0x00, 0xFC, 0x00, 0x00, 0x00,
  0x0F, 0xC0, 0x00, 0x00, 0x00, 0xFC, 0x00, 0x00, 0x00, 0x0F, 0xC0, 0x00,
  0x00, 0x00, 0xFC, 0x00, 0x00, 0x00, 0x0F, 0x80, 0x00, 0x00, 0x00, 0xF0,
  0x00, 0x00, 0x00, 0x0E, 0x00, 0x00, 0x00, 0x00, 0xE0, 0x00, 0x00, 0x00,
  0x0C, 0x00, 0x00, 0x00, 0x00, 0x80, 0x00, 0x00, 0x00, 0x00, 0x01, 0xFF,
  0xFF, 0xFF, 0xC0, 0x3F, 0xFF, 0xFF, 0xF8, 0x07, 0xFF, 0xFF, 0xFF, 0x00,
  0x7F, 0xFF, 0xFF, 0xE0, 0x03, 0xFF, 0xFF, 0xFC, 0x03, 0x1F, 0xFF, 0xFF,
  0x80, 0x78, 0x00, 0x00, 0x00, 0x0F, 0xC0, 0x00, 0x00, 0x00, 0xFC, 0x00,
  0x00, 0x00, 0x0F, 0xC0, 0x00, 0x00, 0x00, 0xFC, 0x00, 0x00, 0x00, 0x0F,
  0xC0, 0x00, 0x00, 0x00, 0xFC, 0x00, 0x00, 0x00, 0x0F, 0xC0, 0x00, 0x00,
  0x00, 0xFC, 0x00, 0x00, 0x00, 0x0F, 0xC0, 0x00, 0x00, 0x00, 0xFC, 0x00,
  0x00, 0x00, 0x0F, 0xC0, 0x00, 0x00, 0x00, 0xFC, 0x00, 0x00, 0x00, 0x0F,
  0xC0, 0x00, 0x00, 0x00, 0xFC, 0x00, 0x00, 0x00, 0x0F, 0xC0, 0x00, 0x00,
  0x00, 0xFC, 0x00, 0x00, 0x00, 0x0F, 0xC0, 0x00, 0x00, 0x00, 0xFC, 0x00,
  0x00, 0x00, 0x0F, 0xC0, 0x00, 0x00, 0x00, 0xF8, 0x00, 0x00, 0x00, 0x07,
  0x00, 0x00, 0x7F, 0x80, 0x20, 0x00, 0x0F, 0xFC, 0x00, 0x00, 0x01, 0xFF,
  0xE0, 0x00, 0x00, 0x3F, 0xFF, 0x02, 0x00, 0x00, 0xFF, 0xC4, 0x70, 0x00,
  0x07, 0xF8, 0xEF, 0x80, 0x00, 0x00, 0x1F, 0xF8, 0x00, 0x00, 0x03, 0xFF,
  0xC0, 0x00, 0x00, 0x3F, 0xFC, 0x00, 0x00, 0x03, 0xFF, 0xC0, 0x00, 0x00,
  0x3F, 0xFC, 0x00, 0x00, 0x03, 0xFF, 0xC0, 0x00, 0x00, 0x3F, 0xFC, 0x00,
  0x00, 0x03, 0xFF, 0xC0, 0x00, 0x00, 0x3F, 0xFC, 0x00, 0x00, 0x03, 0xFF,
  0xC0, 0x00, 0x00, 0x3F, 0xFC, 0x00, 0x00, 0x03, 0xFF, 0xC0, 0x00, 0x00,
  0x3F, 0xFC, 0x00, 0x00, 0x03, 0xFF, 0xC0, 0x00, 0x00, 0x3F, 0xFC, 0x00,
  0x00, 0x03, 0xFF, 0xC0, 0x00, 0x00, 0x3F, 0xFC, 0x00, 0x00, 0x03, 0xFF,
  0xC0, 0x00, 0x00, 0x3F, 0xFC, 0x00, 0x00, 0x03, 0xF7, 0x80, 0x00, 0x00,
  0x1E, 0x31, 0xFF, 0xFF, 0xF8, 0xC2, 0x3F, 0xFF, 0xFF, 0xC0, 0x07, 0xFF,
  0xFF, 0xFE, 0x00, 0x7F, 0xFF, 0xFF, 0xE0, 0x03, 0xFF, 0xFF, 0xFC, 0x00,
  0x1F, 0xFF, 0xFF, 0x80, 0x80, 0x00, 0x00, 0x00, 0x0C, 0x00, 0x00, 0x00,
  0x01, 0xE0, 0x00, 0x00, 0x00, 0x3E, 0x00, 0x00, 0x00, 0x07, 0xF0, 0x00,
  0x00, 0x00, 0xFF, 0x80, 0x00, 0x00, 0x1F, 0xFC, 0x00, 0x00, 0x03, 0xFF,
  0xC0, 0x00, 0x00, 0x3F, 0xFC, 0x00, 0x00, 0x03, 0xFF, 0xC0, 0x00, 0x00,
  0x3F, 0xFC, 0x00, 0x00, 0x03, 0xFF, 0xC0, 0x00, 0x00, 0x3F, 0xFC, 0x00,
  0x00, 0x03, 0xFF, 0xC0, 0x00, 0x00, 0x3F, 0xFC, 0x00, 0x00, 0x03, 0xFF,
  0xC0, 0x00, 0x00, 0x3F, 0xFC, 0x00, 0x00, 0x03, 0xFF, 0xC0, 0x00, 0x00,
  0x3F, 0xFC, 0x00, 0x00, 0x03, 0xFF, 0xC0, 0x00, 0x00, 0x3F, 0xFC, 0x00,
  0x00, 0x03, 0xFF, 0xC0, 0x00, 0x00, 0x3F, 0xFC, 0x00, 0x00, 0x03, 0xFF,
  0xC0, 0x00, 0x00, 0x3F, 0xFC, 0x00, 0x00, 0x03, 0xFF, 0x80, 0x00, 0x00,
  0x3F, 0xF8, 0x00, 0x00, 0x01, 0xF7, 0x3F, 0xFF, 0xFF, 0x8E, 0x27, 0xFF,
  0xFF, 0xFE, 0x40, 0xFF, 0xFF, 0xFF, 0xF0, 0x0F, 0xFF, 0xFF, 0xFF, 0x02,
  0x7F, 0xFF, 0xFF, 0xE4, 0x73, 0xFF, 0xFF, 0xF8, 0xEF, 0x80, 0x00, 0x00,
  0x1F, 0xFC, 0x00, 0x00, 0x01, 0xFF, 0xC0, 0x00, 0x00, 0x3F, 0xFC, 0x00,
  0x00, 0x03, 0xFF, 0xC0, 0x00, 0x00, 0x3F, 0xFC, 0x00, 0x00, 0x03, 0xFF,
  0xC0, 0x00, 0x00, 0x3F, 0xFC, 0x00, 0x00, 0x03, 0xFF, 0xC0, 0x00, 0x00,
  0x3F, 0xFC, 0x00, 0x00, 0x03, 0xFF, 0xC0, 0x00, 0x00, 0x3F, 0xFC, 0x00,
  0x00, 0x03, 0xFF, 0xC0, 0x00, 0x00, 0x3F, 0xFC, 0x00, 0x00, 0x03, 0xFF,
  0xC0, 0x00, 0x00, 0x3F, 0xFC, 0x00, 0x00, 0x03, 0xFF, 0xC0, 0x00, 0x00,
  0x3F, 0xFC, 0x00, 0x00, 0x03, 0xFF, 0xC0, 0x00, 0x00, 0x3F, 0xFC, 0x00,
  0x00, 0x03, 0xFF, 0x80, 0x00, 0x00, 0x3F, 0xF8, 0x00, 0x00, 0x01, 0xFF,
  0x00, 0x00, 0x00, 0x0F, 0xE0, 0x00, 0x00, 0x00, 0x7C, 0x00, 0x00, 0x00,
  0x03, 0x80, 0x00, 0x00, 0x00, 0x10, 0x00, 0x00, 0x00, 0x00, 0x31, 0xEF,
  0xFF, 0xFF, 0xFF, 0xFF, 0xFF, 0xFF, 0xFF, 0xFF, 0xFF, 0xFF, 0xFF, 0xFF,
  0xFF, 0xFF, 0xFF, 0xFF, 0xFD, 0xF7, 0xCE, 0x10, 0x00, 0x04, 0x39, 0xFF,
  0xFF, 0xFF, 0xFF, 0xFF, 0xFF, 0xFF, 0xFF, 0xFF, 0xFF, 0xFF, 0xFF, 0xFF,
  0xFF, 0xFF, 0xFF, 0xFF, 0xFD, 0xE3, 0x00, 0x00, 0x00, 0x00, 0x00, 0x10,
  0x00, 0x00, 0x00, 0x03, 0x00, 0x00, 0x00, 0x00, 0x70, 0x00, 0x00, 0x00,
  0x07, 0x00, 0x00, 0x00, 0x00, 0xF0, 0x00, 0x00, 0x00, 0x1F, 0x00, 0x00,
  0x00, 0x03, 0xF0, 0x00, 0x00, 0x00, 0x3F, 0x00, 0x00, 0x00, 0x03, 0xF0,
  0x00, 0x00, 0x00, 0x3F, 0x00, 0x00, 0x00, 0x03, 0xF0, 0x00, 0x00, 0x00,
  0x3F, 0x00, 0x00, 0x00, 0x03, 0xF0, 0x00, 0x00, 0x00, 0x3F, 0x00, 0x00,
  0x00, 0x03, 0xF0, 0x00, 0x00, 0x00, 0x3F, 0x00, 0x00, 0x00, 0x03, 0xF0,
  0x00, 0x00, 0x00, 0x3F, 0x00, 0x00, 0x00, 0x03, 0xF0, 0x00, 0x00, 0x00,
  0x3F, 0x00, 0x00, 0x00, 0x03, 0xF0, 0x00, 0x00, 0x00, 0x3F, 0x00, 0x00,
  0x00, 0x03, 0xF0, 0x00, 0x00, 0x00, 0x3F, 0x00, 0x00, 0x00, 0x03, 0xF0,
  0x00, 0x00, 0x00, 0x1F, 0x00, 0x00, 0x00, 0x01, 0xF0, 0x00, 0x00, 0x00,
  0x0E, 0x00, 0x00, 0x00, 0x00, 0x40, 0x00, 0x00, 0x00, 0x00, 0x00, 0x00,
  0x00, 0x00, 0x00, 0x00, 0x00, 0x00, 0x04, 0x00, 0x00, 0x00, 0x00, 0xE0,
  0x00, 0x00, 0x00, 0x1F, 0x00, 0x00, 0x00, 0x01, 0xF0, 0x00, 0x00, 0x00,
  0x3F, 0x00, 0x00, 0x00, 0x03, 0xF0, 0x00, 0x00, 0x00, 0x3F, 0x00, 0x00,
  0x00, 0x03, 0xF0, 0x00, 0x00, 0x00, 0x3F, 0x60, 0x00, 0x00, 0x03, 0xFF,
  0x00, 0x00, 0x00, 0x3F, 0xF8, 0x00, 0x00, 0x03, 0xFF, 0xC0, 0x00, 0x00,
  0x3F, 0xFC, 0x00, 0x00, 0x03, 0xFF, 0xC0, 0x00, 0x00, 0x3F, 0xFC, 0x00,
  0x00, 0x03, 0xFF, 0xC0, 0x00, 0x00, 0x3F, 0xFC, 0x00, 0x00, 0x03, 0xFF,
  0xC0, 0x00, 0x00, 0x3F, 0xFC, 0x00, 0x00, 0x03, 0xFF, 0xC0, 0x00, 0x00,
  0x3F, 0xFC, 0x00, 0x00, 0x03, 0xFF, 0x80, 0x00, 0x00, 0x1F, 0xF1, 0xFF,
  0xFF, 0xF8, 0xFE, 0x3F, 0xFF, 0xFF, 0xC7, 0xC7, 0xFF, 0xFF, 0xFE, 0x38,
  0xFF, 0xFF, 0xFF, 0xF1, 0x1F, 0xFF, 0xFF, 0xFF, 0x83, 0xFF, 0xFF, 0xFF,
  0xFC, 0x80, 0x00, 0x00, 0x00, 0x8C, 0x00, 0x00, 0x00, 0xF8, 0xE0, 0x00,
  0x00, 0x1F, 0x8E, 0x00, 0x00, 0x03, 0xF8, 0xF0, 0x00, 0x00, 0x7F, 0x8F,
  0x80, 0x00, 0x0F, 0xF0, 0xFC, 0x00, 0x01, 0xFE, 0x0F, 0xC0, 0x00, 0x3F,
  0xC0, 0xFC, 0x00, 0x07, 0xF8, 0x0F, 0xC0, 0x00, 0xFF, 0x00, 0xFC, 0x00,
  0x1F, 0xE0, 0x0F, 0xC0, 0x03, 0xFC, 0x00, 0xFC, 0x00, 0x7F, 0x80, 0x0F,
  0xC0, 0x0F, 0xF0, 0x00, 0xFC, 0x01, 0xFE, 0x00, 0x0F, 0xC0, 0x3F, 0xC0,
  0x00, 0xFC, 0x07, 0xF8, 0x00, 0x0F, 0xC0, 0xFF, 0x00, 0x00, 0xFC, 0x1F,
  0xE0, 0x00, 0x0F, 0xC3, 0xFC, 0x00, 0x00, 0xFC, 0xFF, 0x80, 0x00, 0x0F,
  0xCF, 0xF0, 0x00, 0x00, 0xFC, 0xFE, 0x00, 0x00, 0x0F, 0xCF, 0xC0, 0x00,
  0x00, 0xFC, 0xF8, 0x00, 0x00, 0x0F, 0x80, 0x00, 0x00, 0x00, 0xF8, 0x00,
  0x00, 0x00, 0x07, 0x3F, 0xFF, 0xFF, 0x80, 0x27, 0xFF, 0xFF, 0xFE, 0x00,
  0xFF, 0xFF, 0xFF, 0xF0, 0x0F, 0xFF, 0xFF, 0xFF, 0x02, 0x7F, 0xFF, 0xFF,
  0xE4, 0x73, 0xFF, 0xFF, 0xF8, 0xEF, 0x80, 0x00, 0x00, 0x1F, 0xFC, 0x00,
  0x00, 0x01, 0xFF, 0xC0, 0x00, 0x00, 0x3F, 0xFC, 0x00, 0x00, 0x03, 0xFF,
  0xC0, 0x00, 0x00, 0x3F, 0xFC, 0x00, 0x00, 0x03, 0xFF, 0xC0, 0x00, 0x00,
  0x3F, 0xFC, 0x00, 0x00, 0x03, 0xFF, 0xC0, 0x00, 0x00, 0x3F, 0xFC, 0x00,
  0x00, 0x03, 0xFF, 0xC0, 0x00, 0x00, 0x3F, 0xFC, 0x00, 0x00, 0x03, 0xFF,
  0xC0, 0x00, 0x00, 0x3F, 0xFC, 0x00, 0x00, 0x03, 0xFF, 0xC0, 0x00, 0x00,
  0x3F, 0xFC, 0x00, 0x00, 0x03, 0xFF, 0xC0, 0x00, 0x00, 0x3F, 0xFC, 0x00,
  0x00, 0x03, 0xFF, 0xC0, 0x00, 0x00, 0x3F, 0xFC, 0x00, 0x00, 0x03, 0xFF,
  0x80, 0x00, 0x00, 0x3F, 0xF8, 0x00, 0x00, 0x01, 0xFF, 0x00, 0x00, 0x00,
  0x0F, 0xE0, 0x00, 0x00, 0x00, 0x7C, 0x00, 0x00, 0x00, 0x03, 0x80, 0x00,
  0x00, 0x00, 0x10, 0x00, 0x00, 0x00, 0x00, 0x80, 0x00, 0x00, 0x00, 0x0C,
  0x00, 0x00, 0x00, 0x00, 0xE0, 0x00, 0x00, 0x00, 0x0E, 0x00, 0x00, 0x00,
  0x00, 0xF0, 0x00, 0x00, 0x00, 0x0F, 0x80, 0x00, 0x00, 0x00, 0xFC, 0x00,
  0x00, 0x00, 0x0F, 0xC0, 0x00, 0x00, 0x00, 0xFC, 0x00, 0x00, 0x00, 0x0F,
  0xC0, 0x00, 0x00, 0x00, 0xFC, 0x00, 0x00, 0x00, 0x0F, 0xC0, 0x00, 0x00,
  0x00, 0xFC, 0x00, 0x00, 0x00, 0x0F, 0xC0, 0x00, 0x00, 0x00, 0xFC, 0x00,
  0x00, 0x00, 0x0F, 0xC0, 0x00, 0x00, 0x00, 0xFC, 0x00, 0x00, 0x00, 0x0F,
  0xC0, 0x00, 0x00, 0x00, 0xFC, 0x00, 0x00, 0x00, 0x0F, 0xC0, 0x00, 0x00,
  0x00, 0xFC, 0x00, 0x00, 0x00, 0x0F, 0xC0, 0x00, 0x00, 0x00, 0xFC, 0x00,
  0x00, 0x00, 0x0F, 0xC0, 0x00, 0x00, 0x00, 0xFC, 0x00, 0x00, 0x00, 0x0F,
  0x80, 0x00, 0x00, 0x00, 0xF8, 0x00, 0x00, 0x00, 0x07, 0x00, 0x00, 0x00,
  0x00, 0x20, 0x00, 0x00, 0x00, 0x00, 0x00, 0x00, 0x00, 0x00, 0x00, 0x00,
  0x00, 0x00, 0x02, 0x00, 0x00, 0x00, 0x00, 0x70, 0x00, 0x00, 0x00, 0x0F,
  0x80, 0x00, 0x00, 0x00, 0xF8, 0x00, 0x00, 0x00, 0x0F, 0xC0, 0x00, 0x00,
  0x00, 0xFC, 0x00, 0x00, 0x00, 0x0F, 0xC0, 0x00, 0x00, 0x00, 0xFC, 0x00,
  0x00, 0x00, 0x0F, 0xC0, 0x00, 0x00, 0x00, 0xFC, 0x00, 0x00, 0x00, 0x0F,
  0xC0, 0x00, 0x00, 0x00, 0xFC, 0x00, 0x00, 0x00, 0x0F, 0xC0, 0x00, 0x00,
  0x00, 0xFC, 0x00, 0x00, 0x00, 0x0F, 0xC0, 0x00, 0x00, 0x00, 0xFC, 0x00,
  0x00, 0x00, 0x0F, 0xC0, 0x00, 0x00, 0x00, 0xFC, 0x00, 0x00, 0x00, 0x0F,
  0xC0, 0x00, 0x00, 0x00, 0xFC, 0x00, 0x00, 0x00, 0x0F, 0xC0, 0x00, 0x00,
  0x00, 0xFC, 0x00, 0x00, 0x00, 0x0F, 0x80, 0x00, 0x00, 0x00, 0xF1, 0xFF,
  0xFF, 0xFC, 0x0E, 0x3F, 0xFF, 0xFF, 0xE0, 0xC7, 0xFF, 0xFF, 0xFF, 0x08,
  0xFF, 0xFF, 0xFF, 0xF8, 0x1F, 0xFF, 0xFF, 0xFF, 0xC3, 0xFF, 0xFF, 0xFF,
  0xFE, 0x3F, 0xFF, 0xFF, 0xFF, 0xC1, 0xFF, 0xFF, 0xFF, 0xF9, 0x8F, 0xFF,
  0xFF, 0xFF, 0x3C, 0x7F, 0xFF, 0xFF, 0xE3, 0xE3, 0xFF, 0xFF, 0xFC, 0x7F,
  0x1F, 0xFF, 0xFF, 0x8F, 0xF8, 0x00, 0x00, 0x01, 0xFF, 0xC0, 0x00, 0x00,
  0x3F, 0xFC, 0x00, 0x40, 0x03, 0xFF, 0xC0, 0x06, 0x00, 0x3F, 0xFC, 0x00,
  0xF0, 0x03, 0xFF, 0xC0, 0x1F, 0x80, 0x3F, 0xFC, 0x01, 0xF8, 0x03, 0xFF,
  0xC0, 0x1F, 0x80, 0x3F, 0xFC, 0x01, 0xF8, 0x03, 0xFF, 0xC0, 0x1F, 0x80,
  0x3F, 0xFC, 0x01, 0xF8, 0x03, 0xFF, 0xC0, 0x1F, 0x80, 0x3F, 0xFC, 0x01,
  0xF8, 0x03, 0xFF, 0xC0, 0x1F, 0x80, 0x3F, 0xFC, 0x01, 0xF8, 0x03, 0xFF,
  0xC0, 0x1F, 0x80, 0x3F, 0xFC, 0x01, 0xF8, 0x03, 0xFF, 0xC0, 0x1F, 0x80,
  0x3F, 0xFC, 0x01, 0xF8, 0x03, 0xFF, 0xC0, 0x1F, 0x80, 0x1F, 0xF8, 0x00,
  0xF0, 0x00, 0xF7, 0x00, 0x06, 0x00, 0x06, 0x20, 0x00, 0x40, 0x00, 0x40,
  0x00, 0x00, 0x00, 0x00, 0x00, 0x00, 0x00, 0x00, 0x02, 0x00, 0x00, 0x00,
  0x04, 0x70, 0x00, 0x00, 0x00, 0xEF, 0x80, 0x00, 0x00, 0x1F, 0xFC, 0x00,
  0x00, 0x01, 0xFF, 0xC0, 0x00, 0x00, 0x3F, 0xFC, 0x00, 0x00, 0x03, 0xFF,
  0xC0, 0x00, 0x00, 0x3F, 0xFC, 0x00, 0x00, 0x03, 0xFF, 0xC0, 0x00, 0x00,
  0x3F, 0xFC, 0x00, 0x00, 0x03, 0xFF, 0xC0, 0x00, 0x00, 0x3F, 0xFC, 0x00,
  0x00, 0x03, 0xFF, 0xC0, 0x00, 0x00, 0x3F, 0xFC, 0x00, 0x00, 0x03, 0xFF,
  0xC0, 0x00, 0x00, 0x3F, 0xFC, 0x00, 0x00, 0x03, 0xFF, 0xC0, 0x00, 0x00,
  0x3F, 0xFC, 0x00, 0x00, 0x03, 0xFF, 0xC0, 0x00, 0x00, 0x3F, 0xFC, 0x00,
  0x00, 0x03, 0xFF, 0xC0, 0x00, 0x00, 0x3F, 0xFC, 0x00, 0x00, 0x03, 0xFF,
  0x80, 0x00, 0x00, 0x3F, 0xF8, 0x00, 0x00, 0x01, 0xFF, 0x00, 0x00, 0x00,
  0x0F, 0xE0, 0x00, 0x00, 0x00, 0x7C, 0x00, 0x00, 0x00, 0x03, 0x80, 0x00,
  0x00, 0x00, 0x10, 0x00, 0x00, 0x00, 0x00, 0x80, 0x00, 0x00, 0x00, 0x0C,
  0x00, 0x00, 0x00, 0x01, 0xE0, 0x00, 0x00, 0x00, 0x3E, 0x00, 0x00, 0x00,
  0x07, 0xF0, 0x00, 0x00, 0x00, 0xFF, 0x80, 0x00, 0x00, 0x1F, 0xFC, 0x00,
  0x00, 0x03, 0xFF, 0xDF, 0x80, 0x00, 0x3F, 0xFD, 0xFC, 0x00, 0x03, 0xFF,
  0xCF, 0xE0, 0x00, 0x3F, 0xFC, 0xFF, 0x00, 0x03, 0xFF, 0xC7, 0xF8, 0x00,
  0x3F, 0xFC, 0x3F, 0xC0, 0x03, 0xFF, 0xC1, 0xFE, 0x00, 0x3F, 0xFC, 0x0F,
  0xF0, 0x03, 0xFF, 0xC0, 0x7F, 0x80, 0x3F, 0xFC, 0x03, 0xFC, 0x03, 0xFF,
  0xC0, 0x1F, 0xE0, 0x3F, 0xFC, 0x00, 0xFF, 0x03, 0xFF, 0xC0, 0x07, 0xF8,
  0x3F, 0xFC, 0x00, 0x3F, 0xC3, 0xFF, 0xC0, 0x01, 0xFE, 0x3F, 0xFC, 0x00,
  0x0F, 0xF3, 0xFF, 0xC0, 0x00, 0x7F, 0x3F, 0xFC, 0x00, 0x03, 0xF3, 0xFF,
  0x80, 0x00, 0x1F, 0x3F, 0xF8, 0x00, 0x00, 0x71, 0xF7, 0x00, 0x00, 0x00,
  0x0E, 0x20, 0x00, 0x00, 0x00, 0x40, 0x00, 0x00, 0x00, 0x00, 0x00, 0x00,
  0x00, 0x00, 0x02, 0x00, 0x00, 0x00, 0x04, 0x70, 0x00, 0x00, 0x00, 0xEF,
  0x80, 0x00, 0x00, 0x1F, 0xFC, 0x00, 0x00, 0x01, 0xFF, 0xC0, 0x00, 0x00,
  0x3F, 0xFC, 0x00, 0x00, 0x03, 0xFF, 0xC0, 0x00, 0x00, 0x3F, 0xFC, 0x00,
  0x00, 0x03, 0xFF, 0xC0, 0x00, 0x00, 0x3F, 0xFC, 0x00, 0x00, 0x03, 0xFF,
  0xC0, 0x00, 0x00, 0x3F, 0xFC, 0x00, 0x00, 0x03, 0xFF, 0xC0, 0x00, 0x00,
  0x3F, 0xFC, 0x00, 0x00, 0x03, 0xFF, 0xC0, 0x00, 0x00, 0x3F, 0xFC, 0x00,
  0x00, 0x03, 0xFF, 0xC0, 0x00, 0x00, 0x3F, 0xFC, 0x00, 0x00, 0x03, 0xFF,
  0xC0, 0x00, 0x00, 0x3F, 0xFC, 0x00, 0x00, 0x03, 0xFF, 0xC0, 0x00, 0x00,
  0x3F, 0xFC, 0x00, 0x00, 0x03, 0xFF, 0x80, 0x00, 0x00, 0x3F, 0xF8, 0x00,
  0x00, 0x01, 0xFF, 0x00, 0x00, 0x00, 0x0F, 0xE0, 0x00, 0x00, 0x00, 0x7C,
  0x00, 0x00, 0x00, 0x03, 0x80, 0x00, 0x00, 0x00, 0x10, 0x00, 0x00, 0x00,
  0x00, 0x01, 0xFF, 0xFF, 0xF8, 0x00, 0x3F, 0xFF, 0xFF, 0xC0, 0x07, 0xFF,
  0xFF, 0xFE, 0x00, 0x7F, 0xFF, 0xFF, 0xE0, 0x03, 0xFF, 0xFF, 0xFC, 0x03,
  0x1F, 0xFF, 0xFF, 0x8C, 0x78, 0x00, 0x00, 0x01, 0xEF, 0xC0, 0x00, 0x00,
  0x3F, 0xFC, 0x00, 0x00, 0x03, 0xFF, 0xC0, 0x00, 0x00, 0x3F, 0xFC, 0x00,
  0x00, 0x03, 0xFF, 0xC0, 0x00, 0x00, 0x3F, 0xFC, 0x00, 0x00, 0x03, 0xFF,
  0xC0, 0x00, 0x00, 0x3F, 0xFC, 0x00, 0x00, 0x03, 0xFF, 0xC0, 0x00, 0x00,
  0x3F, 0xFC, 0x00, 0x00, 0x03, 0xFF, 0xC0, 0x00, 0x00, 0x3F, 0xFC, 0x00,
  0x00, 0x03, 0xFF, 0xC0, 0x00, 0x00, 0x3F, 0xFC, 0x00, 0x00, 0x03, 0xFF,
  0xC0, 0x00, 0x00, 0x3F, 0xFC, 0x00, 0x00, 0x03, 0xFF, 0xC0, 0x00, 0x00,
  0x3F, 0xFC, 0x00, 0x00, 0x03, 0xFF, 0x80, 0x00, 0x00, 0x3F, 0xF0, 0x00,
  0x00, 0x01, 0xF6, 0x00, 0x00, 0x00, 0x0E, 0x20, 0x00, 0x00, 0x00, 0x40,
  0x00, 0x00, 0x00, 0x00, 0x00, 0x00, 0x00, 0x00, 0x02, 0x00, 0x00, 0x00,
  0x04, 0x70, 0x00, 0x00, 0x00, 0xEF, 0x80, 0x00, 0x00, 0x1F, 0xFC, 0x00,
  0x00, 0x01, 0xFF, 0xC0, 0x00, 0x00, 0x3F, 0xFC, 0x00, 0x00, 0x03, 0xFF,
  0xC0, 0x00, 0x00, 0x3F, 0xFC, 0x00, 0x00, 0x03, 0xFF, 0xC0, 0x00, 0x00,
  0x3F, 0xFC, 0x00, 0x00, 0x03, 0xFF, 0xC0, 0x00, 0x00, 0x3F, 0xFC, 0x00,
  0x00, 0x03, 0xFF, 0xC0, 0x00, 0x00, 0x3F, 0xFC, 0x00, 0x00, 0x03, 0xFF,
  0xC0, 0x00, 0x00, 0x3F, 0xFC, 0x00, 0x00, 0x03, 0xFF, 0xC0, 0x00, 0x00,
  0x3F, 0xFC, 0x00, 0x00, 0x03, 0xFF, 0xC0, 0x00, 0x00, 0x3F, 0xFC, 0x00,
  0x00, 0x03, 0xFF, 0xC0, 0x00, 0x00, 0x3F, 0x7C, 0x00, 0x00, 0x03, 0xF3,
  0x80, 0x00, 0x00, 0x1E, 0x11, 0xFF, 0xFF, 0xF8, 0xC0, 0x3F, 0xFF, 0xFF,
  0xC8, 0x07, 0xFF, 0xFF, 0xFE, 0x00, 0x7F, 0xFF, 0xFF, 0xE0, 0x03, 0xFF,
  0xFF, 0xFC, 0x00, 0x1F, 0xFF, 0xFF, 0x80, 0x3F, 0xFF, 0xFF, 0xF8, 0x01,
  0xFF, 0xFF, 0xFF, 0xC0, 0x8F, 0xFF, 0xFF, 0xFE, 0x0C, 0x7F, 0xFF, 0xFF,
  0xE0, 0xE3, 0xFF, 0xFF, 0xFC, 0x0F, 0x1F, 0xFF, 0xFF, 0x8C, 0xF8, 0x00,
  0x00, 0x01, 0xEF, 0xC0, 0x00, 0x00, 0x3F, 0xFC, 0x00, 0x00, 0x03, 0xFF,
  0xC0, 0x00, 0x00, 0x3F, 0xFC, 0x00, 0x00, 0x03, 0xFF, 0xC0, 0x00, 0x00,
  0x3F, 0xFC, 0x00, 0x00, 0x03, 0xFF, 0xC0, 0x00, 0x00, 0x3F, 0xFC, 0x00,
  0x00, 0x03, 0xFF, 0xC0, 0x00, 0x00, 0x3F, 0xFC, 0x00, 0x00, 0x03, 0xFF,
  0xC0, 0x00, 0x00, 0x3F, 0xFC, 0x00, 0x00, 0x03, 0xFF, 0xC0, 0x00, 0x00,
  0x3F, 0xFC, 0x00, 0x00, 0x03, 0xFF, 0xC0, 0x00, 0x00, 0x3F, 0xFC, 0x00,
  0x00, 0x03, 0xFF, 0xC0, 0x00, 0x00, 0x3F, 0xFC, 0x00, 0x00, 0x03, 0xFF,
  0xC0, 0x00, 0x00, 0x1F, 0xF8, 0x00, 0x00, 0x00, 0xF7, 0x3F, 0xFF, 0xFF,
  0x86, 0x27, 0xFF, 0xFF, 0xFE, 0x40, 0xFF, 0xFF, 0xFF, 0xF0, 0x0F, 0xFF,
  0xFF, 0xFF, 0x02, 0x7F, 0xFF, 0xFF, 0xE0, 0x73, 0xFF, 0xFF, 0xF8, 0x0F,
  0x80, 0x00, 0x00, 0x00, 0xFC, 0x00, 0x00, 0x00, 0x0F, 0xC0, 0x00, 0x00,
  0x00, 0xFC, 0x00, 0x00, 0x00, 0x0F, 0xC0, 0x00, 0x00, 0x00, 0xFC, 0x00,
  0x00, 0x00, 0x0F, 0xC0, 0x00, 0x00, 0x00, 0xFC, 0x00, 0x00, 0x00, 0x0F,
  0xC0, 0x00, 0x00, 0x00, 0xFC, 0x00, 0x00, 0x00, 0x0F, 0xC0, 0x00, 0x00,
  0x00, 0xFC, 0x00, 0x00, 0x00, 0x0F, 0xC0, 0x00, 0x00, 0x00, 0xFC, 0x00,
  0x00, 0x00, 0x0F, 0xC0, 0x00, 0x00, 0x00, 0xFC, 0x00, 0x00, 0x00, 0x0F,
  0xC0, 0x00, 0x00, 0x00, 0xFC, 0x00, 0x00, 0x00, 0x0F, 0xC0, 0x00, 0x00,
  0x00, 0xFC, 0x00, 0x00, 0x00, 0x0F, 0x80, 0x00, 0x00, 0x00, 0xF8, 0x00,
  0x00, 0x00, 0x0F, 0x00, 0x00, 0x00, 0x00, 0xE0, 0x00, 0x00, 0x00, 0x0C,
  0x00, 0x00, 0x00, 0x00, 0x80, 0x00, 0x00, 0x00, 0x00, 0x01, 0xFF, 0xFF,
  0xF8, 0x00, 0x3F, 0xFF, 0xFF, 0xC0, 0x07, 0xFF, 0xFF, 0xFE, 0x00, 0x7F,
  0xFF, 0xFF, 0xE0, 0x03, 0xFF, 0xFF, 0xFC, 0x03, 0x1F, 0xFF, 0xFF, 0x8C,
  0x78, 0x00, 0x00, 0x01, 0xEF, 0xC0, 0x00, 0x00, 0x3F, 0xFC, 0x00, 0x00,
  0x03, 0xFF, 0xC0, 0x00, 0x00, 0x3F, 0xFC, 0x00, 0x00, 0x03, 0xFF, 0xC0,
  0x00, 0x00, 0x3F, 0xFC, 0x00, 0x00, 0x03, 0xFF, 0xC0, 0x00, 0x00, 0x3F,
  0xFC, 0x00, 0x00, 0x03, 0xFF, 0xC0, 0x00, 0x00, 0x3F, 0xFC, 0x00, 0x00,
  0x03, 0xFF, 0xC0, 0x00, 0x00, 0x3F, 0xFC, 0x00, 0x00, 0x03, 0xFF, 0xC0,
  0x00, 0x00, 0x3F, 0xFC, 0x00, 0x00, 0x03, 0xFF, 0xC0, 0x00, 0x00, 0x3F,
  0xFC, 0x00, 0x00, 0x03, 0xFF, 0xC0, 0x00, 0x00, 0x3F, 0xFC, 0x00, 0x00,
  0x03, 0xFF, 0x80, 0x00, 0x00, 0x3F, 0xF0, 0x00, 0x00, 0x01, 0xF6, 0x00,
  0x00, 0x00, 0x0E, 0x20, 0x00, 0x00, 0x00, 0x40, 0x00, 0x00, 0x00, 0x00,
  0x00, 0x00, 0x00, 0x00, 0x02, 0x00, 0x00, 0x00, 0x04, 0x70, 0x00, 0x00,
  0x00, 0xEF, 0x80, 0x00, 0x00, 0x1F, 0xFC, 0x00, 0x00, 0x01, 0xFF, 0xC0,
  0x00, 0x00, 0x3F, 0xFC, 0x00, 0x00, 0x03, 0xFF, 0xC0, 0x00, 0x00, 0x3F,
  0xFC, 0x00, 0x00, 0x03, 0xFF, 0xC0, 0x00, 0x00, 0x3F, 0xFC, 0x00, 0x00,
  0x03, 0xFF, 0xC0, 0x00, 0x00, 0x3F, 0xFC, 0x00, 0x00, 0x03, 0xFF, 0xC0,
  0x00, 0x00, 0x3F, 0xFC, 0x00, 0x00, 0x03, 0xFF, 0xC0, 0x00, 0x00, 0x3F,
  0xFC, 0x00, 0x00, 0x03, 0xFF, 0xC0, 0x00, 0x00, 0x1E, 0xFC, 0x00, 0x00,
  0xF8, 0xCF, 0xC0, 0x00, 0x0F, 0xC8, 0xFC, 0x00, 0x00, 0xFE, 0x0F, 0xC0,
  0x00, 0x0F, 0xF0, 0xFC, 0x00, 0x00, 0xFF, 0x87, 0xC0, 0x00, 0x07, 0xFC,
  0x39, 0xFF, 0xFE, 0x3F, 0xE1, 0x3F, 0xFF, 0xF1, 0xFF, 0x07, 0xFF, 0xFF,
  0x8F, 0xF0, 0x7F, 0xFF, 0xF8, 0x3F, 0x03, 0xFF, 0xFF, 0x01, 0xF0, 0x1F,
  0xFF, 0xE0, 0x0F, 0x3F, 0xFF, 0xFF, 0xF8, 0x01, 0xFF, 0xFF, 0xFF, 0xC0,
  0x8F, 0xFF, 0xFF, 0xFE, 0x0C, 0x7F, 0xFF, 0xFF, 0xE0, 0xE3, 0xFF, 0xFF,
  0xFC, 0x0F, 0x1F, 0xFF, 0xFF, 0x8C, 0xF8, 0x00, 0x00, 0x01, 0xEF, 0xC0,
  0x00, 0x00, 0x3F, 0xFC, 0x00, 0x00, 0x03, 0xFF, 0xC0, 0x00, 0x00, 0x3F,
  0xFC, 0x00, 0x00, 0x03, 0xFF, 0xC0, 0x00, 0x00, 0x3F, 0xFC, 0x00, 0x00,
  0x03, 0xFF, 0xC0, 0x00, 0x00, 0x3F, 0xFC, 0x00, 0x00, 0x03, 0xFF, 0xC0,
  0x00, 0x00, 0x3F, 0xFC, 0x00, 0x00, 0x03, 0xFF, 0xC0, 0x00, 0x00, 0x3F,
  0xFC, 0x00, 0x00, 0x03, 0xFF, 0xC0, 0x00, 0x00, 0x3F, 0xFC, 0x00, 0x00,
  0x03, 0xFF, 0xC0, 0x00, 0x00, 0x3F, 0xFC, 0x00, 0x00, 0x03, 0xFF, 0xC0,
  0x00, 0x00, 0x3F, 0xFC, 0x00, 0x00, 0x03, 0xFF, 0xC0, 0x00, 0x00, 0x1F,
  0xF8, 0x00, 0x00, 0x00, 0xF7, 0x3F, 0xFF, 0xFF, 0x86, 0x27, 0xFF, 0xFF,
  0xFE, 0x40, 0xFF, 0xFF, 0xFF, 0xF0, 0x0F, 0xFF, 0xFF, 0xFF, 0x02, 0x7F,
  0xFF, 0xFF, 0xE0, 0x73, 0xFF, 0xFF, 0xF8, 0x0F, 0x80, 0x00, 0x00, 0x00,
  0xFC, 0x00, 0x00, 0x00, 0x0F, 0xC3, 0xE0, 0x00, 0x00, 0xFC, 0x3F, 0x00,
  0x00, 0x0F, 0xC3, 0xF8, 0x00, 0x00, 0xFC, 0x1F, 0xC0, 0x00, 0x0F, 0xC1,
  0xFE, 0x00, 0x00, 0xFC, 0x0F, 0xF0, 0x00, 0x0F, 0xC0, 0x7F, 0x80, 0x00,
  0xFC, 0x03, 0xFE, 0x00, 0x0F, 0xC0, 0x1F, 0xF0, 0x00, 0xFC, 0x00, 0xFF,
  0x80, 0x0F, 0xC0, 0x07, 0xFC, 0x00, 0xFC, 0x00, 0x3F, 0xE0, 0x0F, 0xC0,
  0x01, 0xFF, 0x00, 0xFC, 0x00, 0x0F, 0xF8, 0x0F, 0xC0, 0x00, 0x7F, 0xC0,
  0xFC, 0x00, 0x03, 0xFE, 0x0F, 0xC0, 0x00, 0x1F, 0xF0, 0xFC, 0x00, 0x00,
  0xFF, 0x8F, 0x80, 0x00, 0x07, 0xFC, 0xF8, 0x00, 0x00, 0x3F, 0xEF, 0x00,
  0x00, 0x00, 0xFF, 0xE0, 0x00, 0x00, 0x07, 0xFC, 0x00, 0x00, 0x00, 0x3F,
  0x80, 0x00, 0x00, 0x01, 0xF0, 0x01, 0xFF, 0xFF, 0xFF, 0x80, 0x3F, 0xFF,
  0xFF, 0xFC, 0x07, 0xFF, 0xFF, 0xFF, 0xF0, 0x7F, 0xFF, 0xFF, 0xFE, 0x03,
  0xFF, 0xFF, 0xFF, 0xC3, 0x1F, 0xFF, 0xFF, 0xFC, 0x78, 0x00, 0x00, 0x00,
  0x0F, 0xC0, 0x00, 0x00, 0x00, 0xFC, 0x00, 0x00, 0x00, 0x0F, 0xC0, 0x00,
  0x00, 0x00, 0xFC, 0x00, 0x00, 0x00, 0x0F, 0xC0, 0x00, 0x00, 0x00, 0xFC,
  0x00, 0x00, 0x00, 0x0F, 0xC0, 0x00, 0x00, 0x00, 0xFC, 0x00, 0x00, 0x00,
  0x0F, 0xC0, 0x00, 0x00, 0x00, 0xFC, 0x00, 0x00, 0x00, 0x0F, 0xC0, 0x00,
  0x00, 0x00, 0xFC, 0x00, 0x00, 0x00, 0x0F, 0xC0, 0x00, 0x00, 0x00, 0xFC,
  0x00, 0x00, 0x00, 0x0F, 0xC0, 0x00, 0x00, 0x00, 0xFC, 0x00, 0x00, 0x00,
  0x0F, 0xC0, 0x00, 0x00, 0x00, 0xFC, 0x00, 0x00, 0x00, 0x0F, 0x80, 0x00,
  0x00, 0x00, 0xF0, 0x00, 0x00, 0x00, 0x07, 0x3F, 0xFF, 0xFF, 0x80, 0x27,
  0xFF, 0xFF, 0xFE, 0x00, 0xFF, 0xFF, 0xFF, 0xF0, 0x0F, 0xFF, 0xFF, 0xFF,
  0x00, 0x7F, 0xFF, 0xFF, 0xE0, 0x03, 0xFF, 0xFF, 0xF8, 0x60, 0x00, 0x00,
  0x00, 0x0F, 0x00, 0x00, 0x00, 0x01, 0xF0, 0x00, 0x00, 0x00, 0x3F, 0x00,
  0x00, 0x00, 0x03, 0xF0, 0x00, 0x00, 0x00, 0x3F, 0x00, 0x00, 0x00, 0x03,
  0xF0, 0x00, 0x00, 0x00, 0x3F, 0x00, 0x00, 0x00, 0x03, 0xF0, 0x00, 0x00,
  0x00, 0x3F, 0x00, 0x00, 0x00, 0x03, 0xF0, 0x00, 0x00, 0x00, 0x3F, 0x00,
  0x00, 0x00, 0x03, 0xF0, 0x00, 0x00, 0x00, 0x3F, 0x00, 0x00, 0x00, 0x03,
  0xF0, 0x00, 0x00, 0x00, 0x3F, 0x00, 0x00, 0x00, 0x03, 0xF0, 0x00, 0x00,
  0x00, 0x3F, 0x00, 0x00, 0x00, 0x03, 0xF0, 0x00, 0x00, 0x00, 0x3F, 0x00,
  0x00, 0x00, 0x03, 0xF0, 0x00, 0x00, 0x00, 0x1E, 0x3F, 0xFF, 0xFF, 0xF8,
  0xC7, 0xFF, 0xFF, 0xFF, 0xC8, 0x7F, 0xFF, 0xFF, 0xFE, 0x0F, 0xFF, 0xFF,
  0xFF, 0xE0, 0x3F, 0xFF, 0xFF, 0xFC, 0x01, 0xFF, 0xFF, 0xFF, 0x80, 0x7F,
  0xFF, 0xFF, 0xFF, 0xE3, 0xFF, 0xFF, 0xFF, 0xFC, 0x1F, 0xFF, 0xFF, 0xFF,
  0x80, 0xFF, 0xFF, 0xFF, 0xF0, 0x07, 0xFF, 0xFF, 0xFE, 0x00, 0x3F, 0xFF,
  0xFF, 0xC0, 0x00, 0x00, 0x00, 0x00, 0x00, 0x00, 0x04, 0x00, 0x00, 0x00,
  0x00, 0x60, 0x00, 0x00, 0x00, 0x0F, 0x00, 0x00, 0x00, 0x01, 0xF8, 0x00,
  0x00, 0x00, 0x1F, 0x80, 0x00, 0x00, 0x01, 0xF8, 0x00, 0x00, 0x00, 0x1F,
  0x80, 0x00, 0x00, 0x01, 0xF8, 0x00, 0x00, 0x00, 0x1F, 0x80, 0x00, 0x00,
  0x01, 0xF8, 0x00, 0x00, 0x00, 0x1F, 0x80, 0x00, 0x00, 0x01, 0xF8, 0x00,
  0x00, 0x00, 0x1F, 0x80, 0x00, 0x00, 0x01, 0xF8, 0x00, 0x00, 0x00, 0x1F,
  0x80, 0x00, 0x00, 0x01, 0xF8, 0x00, 0x00, 0x00, 0x1F, 0x80, 0x00, 0x00,
  0x01, 0xF8, 0x00, 0x00, 0x00, 0x1F, 0x80, 0x00, 0x00, 0x01, 0xF8, 0x00,
  0x00, 0x00, 0x1F, 0x80, 0x00, 0x00, 0x01, 0xF8, 0x00, 0x00, 0x00, 0x0F,
  0x80, 0x00, 0x00, 0x00, 0x70, 0x00, 0x00, 0x00, 0x02, 0x00, 0x00, 0x00,
  0x00, 0x00, 0x00, 0x00, 0x00, 0x00, 0x00, 0x00, 0x00, 0x00, 0x20, 0x00,
  0x00, 0x00, 0x07, 0x00, 0x00, 0x00, 0x00, 0xF8, 0x00, 0x00, 0x00, 0x1F,
  0x80, 0x00, 0x00, 0x01, 0xF8, 0x00, 0x00, 0x00, 0x1F, 0x80, 0x00, 0x00,
  0x01, 0xF8, 0x00, 0x00, 0x00, 0x1F, 0x80, 0x00, 0x00, 0x01, 0xF8, 0x00,
  0x00, 0x00, 0x1F, 0x80, 0x00, 0x00, 0x01, 0xF8, 0x00, 0x00, 0x00, 0x1F,
  0x80, 0x00, 0x00, 0x01, 0xF8, 0x00, 0x00, 0x00, 0x1F, 0x80, 0x00, 0x00,
  0x01, 0xF8, 0x00, 0x00, 0x00, 0x1F, 0x80, 0x00, 0x00, 0x01, 0xF8, 0x00,
  0x00, 0x00, 0x1F, 0x80, 0x00, 0x00, 0x01, 0xF8, 0x00, 0x00, 0x00, 0x1F,
  0x80, 0x00, 0x00, 0x01, 0xF8, 0x00, 0x00, 0x00, 0x1F, 0x80, 0x00, 0x00,
  0x01, 0xF8, 0x00, 0x00, 0x00, 0x0F, 0x00, 0x00, 0x00, 0x00, 0x60, 0x00,
  0x00, 0x80, 0x00, 0x00, 0x00, 0x0C, 0x00, 0x00, 0x00, 0x01, 0xE0, 0x00,
  0x00, 0x00, 0x3F, 0x00, 0x00, 0x00, 0x07, 0xF8, 0x00, 0x00, 0x00, 0xFF,
  0xC0, 0x00, 0x00, 0x1F, 0xFC, 0x00, 0x00, 0x03, 0xFF, 0xC0, 0x00, 0x00,
  0x3F, 0xFC, 0x00, 0x00, 0x03, 0xFF, 0xC0, 0x00, 0x00, 0x3F, 0xFC, 0x00,
  0x00, 0x03, 0xFF, 0xC0, 0x00, 0x00, 0x3F, 0xFC, 0x00, 0x00, 0x03, 0xFF,
  0xC0, 0x00, 0x00, 0x3F, 0xFC, 0x00, 0x00, 0x03, 0xFF, 0xC0, 0x00, 0x00,
  0x3F, 0xFC, 0x00, 0x00, 0x03, 0xFF, 0xC0, 0x00, 0x00, 0x3F, 0xFC, 0x00,
  0x00, 0x03, 0xFF, 0xC0, 0x00, 0x00, 0x3F, 0xFC, 0x00, 0x00, 0x03, 0xFF,
  0xC0, 0x00, 0x00, 0x3F, 0xFC, 0x00, 0x00, 0x03, 0xFF, 0xC0, 0x00, 0x00,
  0x3F, 0xFC, 0x00, 0x00, 0x03, 0xFF, 0xC0, 0x00, 0x00, 0x3F, 0xF8, 0x00,
  0x00, 0x01, 0xF7, 0x00, 0x00, 0x00, 0x0E, 0x20, 0x00, 0x00, 0x00, 0x40,
  0x00, 0x00, 0x00, 0x00, 0x00, 0x00, 0x00, 0x00, 0x02, 0x00, 0x00, 0x00,
  0x04, 0x70, 0x00, 0x00, 0x00, 0xEF, 0x80, 0x00, 0x00, 0x1F, 0xFC, 0x00,
  0x00, 0x01, 0xFF, 0xC0, 0x00, 0x00, 0x3F, 0xFC, 0x00, 0x00, 0x03, 0xFF,
  0xC0, 0x00, 0x00, 0x3F, 0xFC, 0x00, 0x00, 0x03, 0xFF, 0xC0, 0x00, 0x00,
  0x3F, 0xFC, 0x00, 0x00, 0x03, 0xFF, 0xC0, 0x00, 0x00, 0x3F, 0xFC, 0x00,
  0x00, 0x03, 0xFF, 0xC0, 0x00, 0x00, 0x3F, 0xFC, 0x00, 0x00, 0x03, 0xFF,
  0xC0, 0x00, 0x00, 0x3F, 0xFC, 0x00, 0x00, 0x03, 0xFF, 0xC0, 0x00, 0x00,
  0x3F, 0xFC, 0x00, 0x00, 0x03, 0xFF, 0xC0, 0x00, 0x00, 0x3F, 0xFC, 0x00,
  0x00, 0x03, 0xFF, 0xC0, 0x00, 0x00, 0x3F, 0x78, 0x00, 0x00, 0x03, 0xF3,
  0x00, 0x00, 0x00, 0x1E, 0x01, 0xFF, 0xFF, 0xF8, 0xC0, 0x3F, 0xFF, 0xFF,
  0xC8, 0x07, 0xFF, 0xFF, 0xFE, 0x00, 0x7F, 0xFF, 0xFF, 0xE0, 0x03, 0xFF,
  0xFF, 0xFC, 0x00, 0x1F, 0xFF, 0xFF, 0x80, 0x00, 0x00, 0x00, 0x00, 0x18,
  0x00, 0x00, 0x00, 0x03, 0xC0, 0x00, 0x00, 0x00, 0x7E, 0x00, 0x00, 0x00,
  0x07, 0xF0, 0x00, 0x00, 0x00, 0xFF, 0x80, 0x00, 0x00, 0x1F, 0xFC, 0x00,
  0x00, 0x03, 0xFF, 0xC0, 0x00, 0x00, 0x3F, 0xFC, 0x00, 0x00, 0x03, 0xFF,
  0xC0, 0x00, 0x00, 0x3F, 0xFC, 0x00, 0x00, 0x03, 0xFF, 0xC0, 0x00, 0x00,
  0x3F, 0xFC, 0x00, 0x00, 0x03, 0xFF, 0xC0, 0x00, 0x00, 0x3F, 0xFC, 0x00,
  0x00, 0x03, 0xFF, 0xC0, 0x00, 0x00, 0x3F, 0xFC, 0x00, 0x00, 0x03, 0xFF,
  0xC0, 0x00, 0x00, 0x3F, 0xFC, 0x00, 0x00, 0x03, 0xFF, 0xC0, 0x00, 0x00,
  0x3F, 0xFC, 0x00, 0x00, 0x03, 0xFF, 0xC0, 0x00, 0x00, 0x3F, 0xFC, 0x00,
  0x00, 0x03, 0xFF, 0xC0, 0x00, 0x00, 0x3F, 0xFC, 0x00, 0x00, 0x03, 0xFF,
  0xC0, 0x00, 0x00, 0x1F, 0xF8, 0x00, 0x00, 0x01, 0xF7, 0x00, 0x00, 0x00,
  0x0E, 0x20, 0x00, 0x00, 0x00, 0x40, 0x00, 0x00, 0x00, 0x00, 0x00, 0x00,
  0x00, 0x00, 0x02, 0x00, 0x00, 0x00, 0xFC, 0x70, 0x00, 0x00, 0x1F, 0x8F,
  0x80, 0x00, 0x03, 0xF8, 0xFC, 0x00, 0x00, 0x7F, 0x8F, 0xC0, 0x00, 0x0F,
  0xF0, 0xFC, 0x00, 0x01, 0xFE, 0x0F, 0xC0, 0x00, 0x3F, 0xE0, 0xFC, 0x00,
  0x07, 0xFC, 0x0F, 0xC0, 0x00, 0xFF, 0x80, 0xFC, 0x00, 0x0F, 0xF0, 0x0F,
  0xC0, 0x01, 0xFE, 0x00, 0xFC, 0x00, 0x3F, 0xC0, 0x0F, 0xC0, 0x07, 0xF8,
  0x00, 0xFC, 0x00, 0xFF, 0x00, 0x0F, 0xC0, 0x1F, 0xE0, 0x00, 0xFC, 0x03,
  0xFC, 0x00, 0x0F, 0xC0, 0x7F, 0x80, 0x00, 0xFC, 0x0F, 0xF0, 0x00, 0x0F,
  0xC1, 0xFE, 0x00, 0x00, 0xFC, 0x3F, 0xC0, 0x00, 0x0F, 0xC7, 0xF8, 0x00,
  0x00, 0xFC, 0xFF, 0x00, 0x00, 0x0F, 0xCF, 0xE0, 0x00, 0x00, 0xFC, 0xFC,
  0x00, 0x00, 0x0F, 0xCF, 0x80, 0x00, 0x00, 0xFC, 0xF0, 0x00, 0x00, 0x07,
  0x80, 0x00, 0x00, 0x00, 0x30, 0x00, 0x00, 0x00, 0x00, 0x00, 0x00, 0x00,
  0x00, 0x18, 0x00, 0x00, 0x00, 0x03, 0xC0, 0x00, 0x00, 0x00, 0x7E, 0x00,
  0x00, 0x00, 0x07, 0xF0, 0x00, 0x00, 0x00, 0xFF, 0x80, 0x00, 0x00, 0x1F,
  0xFC, 0x00, 0x00, 0x03, 0xFF, 0xC0, 0x00, 0x00, 0x3F, 0xFC, 0x00, 0x00,
  0x03, 0xFF, 0xC0, 0x00, 0x00, 0x3F, 0xFC, 0x00, 0x00, 0x03, 0xFF, 0xC0,
  0x00, 0x00, 0x3F, 0xFC, 0x00, 0x00, 0x03, 0xFF, 0xC0, 0x00, 0x00, 0x3F,
  0xFC, 0x00, 0x00, 0x03, 0xFF, 0xC0, 0x00, 0x00, 0x3F, 0xFC, 0x00, 0x00,
  0x03, 0xFF, 0xC0, 0x00, 0x00, 0x3F, 0xFC, 0x00, 0x00, 0x03, 0xFF, 0xC0,
  0x00, 0x00, 0x3F, 0xFC, 0x00, 0x00, 0x03, 0xFF, 0xC0, 0x00, 0x00, 0x3F,
  0xFC, 0x00, 0x00, 0x03, 0xFF, 0xC0, 0x00, 0x00, 0x3F, 0xFC, 0x00, 0x00,
  0x03, 0xFF, 0xC0, 0x00, 0x00, 0x1F, 0xF8, 0x00, 0x00, 0x01, 0xF7, 0x00,
  0x00, 0x00, 0x0E, 0x20, 0x00, 0x00, 0x00, 0x40, 0x00, 0x00, 0x00, 0x00,
  0x00, 0x00, 0x00, 0x00, 0x02, 0x00, 0x04, 0x00, 0x04, 0x70, 0x00, 0x60,
  0x00, 0xEF, 0x80, 0x0F, 0x00, 0x1F, 0xF8, 0x01, 0xF8, 0x01, 0xFF, 0xC0,
  0x1F, 0x80, 0x3F, 0xFC, 0x01, 0xF8, 0x03, 0xFF, 0xC0, 0x1F, 0x80, 0x3F,
  0xFC, 0x01, 0xF8, 0x03, 0xFF, 0xC0, 0x1F, 0x80, 0x3F, 0xFC, 0x01, 0xF8,
  0x03, 0xFF, 0xC0, 0x1F, 0x80, 0x3F, 0xFC, 0x01, 0xF8, 0x03, 0xFF, 0xC0,
  0x1F, 0x80, 0x3F, 0xFC, 0x01, 0xF8, 0x03, 0xFF, 0xC0, 0x1F, 0x80, 0x3F,
  0xFC, 0x01, 0xF8, 0x03, 0xFF, 0xC0, 0x1F, 0x80, 0x3F, 0xFC, 0x01, 0xF8,
  0x03, 0xFF, 0xC0, 0x0F, 0x00, 0x3F, 0xFC, 0x00, 0x60, 0x03, 0xFF, 0xC0,
  0x04, 0x00, 0x3F, 0xFC, 0x00, 0x00, 0x03, 0xFF, 0x80, 0x00, 0x00, 0x1F,
  0xF1, 0xFF, 0xFF, 0xF8, 0xFE, 0x3F, 0xFF, 0xFF, 0xC7, 0xC7, 0xFF, 0xFF,
  0xFE, 0x38, 0xFF, 0xFF, 0xFF, 0xF1, 0x1F, 0xFF, 0xFF, 0xFF, 0x83, 0xFF,
  0xFF, 0xFF, 0xFC, 0xF0, 0x00, 0x00, 0x00, 0xFF, 0x00, 0x00, 0x00, 0x1F,
  0xF8, 0x00, 0x00, 0x01, 0xFF, 0x80, 0x00, 0x00, 0x3F, 0xFC, 0x00, 0x00,
  0x03, 0xFF, 0xE0, 0x00, 0x00, 0x7F, 0xFE, 0x00, 0x00, 0x0F, 0xE7, 0xF0,
  0x00, 0x00, 0xFE, 0x7F, 0x00, 0x00, 0x1F, 0xC3, 0xF8, 0x00, 0x01, 0xFC,
  0x1F, 0xC0, 0x00, 0x3F, 0x81, 0xFC, 0x00, 0x07, 0xF0, 0x0F, 0xE0, 0x00,
  0x7F, 0x00, 0xFE, 0x00, 0x0F, 0xE0, 0x07, 0xF0, 0x00, 0xFE, 0x00, 0x3F,
  0x80, 0x1F, 0xC0, 0x03, 0xF8, 0x03, 0xF8, 0x00, 0x1F, 0xC0, 0x3F, 0x80,
  0x01, 0xFC, 0x07, 0xF0, 0x00, 0x0F, 0xE0, 0x7F, 0x00, 0x00, 0x7F, 0x0F,
  0xE0, 0x00, 0x07, 0xF1, 0xFC, 0x00, 0x00, 0x3F, 0x9F, 0xC0, 0x00, 0x03,
  0xF9, 0xF8, 0x00, 0x00, 0x1F, 0x9F, 0x80, 0x00, 0x00, 0xF9, 0xF0, 0x00,
  0x00, 0x0F, 0x9E, 0x00, 0x00, 0x00, 0x79, 0xE0, 0x00, 0x00, 0x07, 0x9C,
  0x00, 0x00, 0x00, 0x00, 0x00, 0x00, 0x00, 0x00, 0x00, 0x00, 0x00, 0x00,
  0x79, 0xC0, 0x00, 0x00, 0x07, 0x9E, 0x00, 0x00, 0x00, 0xF9, 0xE0, 0x00,
  0x00, 0x0F, 0x9F, 0x00, 0x00, 0x01, 0xF9, 0xF8, 0x00, 0x00, 0x3F, 0x9F,
  0x80, 0x00, 0x03, 0xF9, 0xFC, 0x00, 0x00, 0x7F, 0x1F, 0xC0, 0x00, 0x07,
  0xF0, 0xFE, 0x00, 0x00, 0xFE, 0x07, 0xF0, 0x00, 0x1F, 0xC0, 0x7F, 0x00,
  0x01, 0xFC, 0x03, 0xF8, 0x00, 0x3F, 0x80, 0x3F, 0x80, 0x03, 0xF8, 0x01,
  0xFC, 0x00, 0x7F, 0x00, 0x0F, 0xE0, 0x0F, 0xE0, 0x00, 0xFE, 0x00, 0xFE,
  0x00, 0x07, 0xF0, 0x1F, 0xC0, 0x00, 0x7F, 0x01, 0xFC, 0x00, 0x03, 0xF8,
  0x3F, 0x80, 0x00, 0x1F, 0xC7, 0xF0, 0x00, 0x01, 0xFC, 0x7F, 0x00, 0x00,
  0x0F, 0xEF, 0xE0, 0x00, 0x00, 0xFE, 0xFE, 0x00, 0x00, 0x07, 0xFF, 0xC0,
  0x00, 0x00, 0x3F, 0xF8, 0x00, 0x00, 0x03, 0xFF, 0x80, 0x00, 0x00, 0x1F,
  0xF0, 0x00, 0x00, 0x01, 0xFF, 0x00, 0x00, 0x00, 0x0F, 0x00, 0x00, 0x00,
  0x00, 0x18, 0x00, 0x00, 0x00, 0x03, 0xC0, 0x00, 0x00, 0x00, 0x7E, 0x00,
  0x00, 0x00, 0x07, 0xF0, 0x00, 0x00, 0x00, 0xFF, 0x80, 0x00, 0x00, 0x1F,
  0xFC, 0x00, 0x00, 0x03, 0xFF, 0xC0, 0x00, 0x00, 0x3F, 0xFC, 0x00, 0x00,
  0x03, 0xFF, 0xC0, 0x00, 0x00, 0x3F, 0xFC, 0x00, 0x00, 0x03, 0xFF, 0xC0,
  0x00, 0x00, 0x3F, 0xFC, 0x00, 0x00, 0x03, 0xFF, 0xC0, 0x00, 0x00, 0x3F,
  0xFC, 0x00, 0x00, 0x03, 0xFF, 0xC0, 0x00, 0x00, 0x3F, 0xFC, 0x00, 0x00,
  0x03, 0xFF, 0xC0, 0x00, 0x00, 0x3F, 0xFC, 0x00, 0x00, 0x03, 0xFF, 0xC0,
  0x00, 0x00, 0x3F, 0xFC, 0x00, 0x00, 0x03, 0xFF, 0xC0, 0x00, 0x00, 0x3F,
  0xFC, 0x00, 0x00, 0x03, 0xFF, 0xC0, 0x00, 0x00, 0x3F, 0xFC, 0x00, 0x00,
  0x03, 0xFF, 0x80, 0x00, 0x00, 0x1F, 0xF0, 0x00, 0x00, 0x01, 0xF7, 0x3F,
  0xFF, 0xFF, 0x8E, 0x27, 0xFF, 0xFF, 0xFE, 0x40, 0xFF, 0xFF, 0xFF, 0xF0,
  0x0F, 0xFF, 0xFF, 0xFF, 0x00, 0x7F, 0xFF, 0xFF, 0xE4, 0x03, 0xFF, 0xFF,
  0xF8, 0xE0, 0x00, 0x00, 0x00, 0x1F, 0x00, 0x00, 0x00, 0x01, 0xF0, 0x00,
  0x00, 0x00, 0x3F, 0x00, 0x00, 0x00, 0x03, 0xF0, 0x00, 0x00, 0x00, 0x3F,
  0x00, 0x00, 0x00, 0x03, 0xF0, 0x00, 0x00, 0x00, 0x3F, 0x00, 0x00, 0x00,
  0x03, 0xF0, 0x00, 0x00, 0x00, 0x3F, 0x00, 0x00, 0x00, 0x03, 0xF0, 0x00,
  0x00, 0x00, 0x3F, 0x00, 0x00, 0x00, 0x03, 0xF0, 0x00, 0x00, 0x00, 0x3F,
  0x00, 0x00, 0x00, 0x03, 0xF0, 0x00, 0x00, 0x00, 0x3F, 0x00, 0x00, 0x00,
  0x03, 0xF0, 0x00, 0x00, 0x00, 0x3F, 0x00, 0x00, 0x00, 0x03, 0xF0, 0x00,
  0x00, 0x00, 0x3F, 0x00, 0x00, 0x00, 0x03, 0xF0, 0x00, 0x00, 0x00, 0x1E,
  0x01, 0xFF, 0xFF, 0xF8, 0xC0, 0x3F, 0xFF, 0xFF, 0xC8, 0x07, 0xFF, 0xFF,
  0xFE, 0x00, 0x7F, 0xFF, 0xFF, 0xE0, 0x03, 0xFF, 0xFF, 0xFC, 0x00, 0x1F,
  0xFF, 0xFF, 0x80, 0x7F, 0xFF, 0xFF, 0xFF, 0x83, 0xFF, 0xFF, 0xFF, 0xFC,
  0x1F, 0xFF, 0xFF, 0xFF, 0xE0, 0xFF, 0xFF, 0xFF, 0xFE, 0x07, 0xFF, 0xFF,
  0xFF, 0xC0, 0x3F, 0xFF, 0xFF, 0xF8, 0x00, 0x00, 0x00, 0x00, 0x00, 0x00,
  0x00, 0x00, 0x00, 0x00, 0x00, 0x00, 0x01, 0xF0, 0x00, 0x00, 0x00, 0x3F,
  0x00, 0x00, 0x00, 0x07, 0xF0, 0x00, 0x00, 0x00, 0x7F, 0x00, 0x00, 0x00,
  0x0F, 0xF0, 0x00, 0x00, 0x01, 0xFE, 0x00, 0x00, 0x00, 0x3F, 0xC0, 0x00,
  0x00, 0x03, 0xF8, 0x00, 0x00, 0x00, 0x7F, 0x00, 0x00, 0x00, 0x0F, 0xF0,
  0x00, 0x00, 0x01, 0xFE, 0x00, 0x00, 0x00, 0x3F, 0xC0, 0x00, 0x00, 0x03,
  0xF8, 0x00, 0x00, 0x00, 0x7F, 0x00, 0x00, 0x00, 0x0F, 0xF0, 0x00, 0x00,
  0x01, 0xFE, 0x00, 0x00, 0x00, 0x3F, 0xC0, 0x00, 0x00, 0x03, 0xF8, 0x00,
  0x00, 0x00, 0x3F, 0x80, 0x00, 0x00, 0x03, 0xF0, 0x00, 0x00, 0x00, 0x38,
  0x00, 0x00, 0x00, 0x00, 0x00, 0x00, 0x00, 0x00, 0x00, 0x00, 0x00, 0x00,
  0x70, 0x00, 0x00, 0x00, 0x0F, 0x00, 0x00, 0x00, 0x01, 0xF0, 0x00, 0x00,
  0x00, 0x3F, 0x80, 0x00, 0x00, 0x03, 0xF8, 0x00, 0x00, 0x00, 0x7F, 0x80,
  0x00, 0x00, 0x0F, 0xF0, 0x00, 0x00, 0x01, 0xFE, 0x00, 0x00, 0x00, 0x1F,
  0xC0, 0x00, 0x00, 0x03, 0xF8, 0x00, 0x00, 0x00, 0x7F, 0x80, 0x00, 0x00,
  0x0F, 0xF0, 0x00, 0x00, 0x01, 0xFE, 0x00, 0x00, 0x00, 0x1F, 0xC0, 0x00,
  0x00, 0x03, 0xF8, 0x00, 0x00, 0x00, 0x7F, 0x80, 0x00, 0x00, 0x0F, 0xF0,
  0x00, 0x00, 0x00, 0xFE, 0x00, 0x00, 0x00, 0x0F, 0xC0, 0x00, 0x00, 0x00,
  0xFC, 0x00, 0x00, 0x00, 0x0F, 0x80, 0x00, 0x00, 0x00, 0x00, 0x00, 0x00,
  0x00, 0x00, 0x00, 0x00, 0x00, 0x00, 0x1F, 0xFF, 0xFF, 0xF8, 0x03, 0xFF,
  0xFF, 0xFF, 0xC0, 0x7F, 0xFF, 0xFF, 0xFE, 0x07, 0xFF, 0xFF, 0xFF, 0xF0,
  0x3F, 0xFF, 0xFF, 0xFF, 0x81, 0xFF, 0xFF, 0xFF, 0xFC, 0x00, 0x00, 0x7F,
  0xE0, 0x00, 0x1F, 0xFC, 0x00, 0x03, 0xFF, 0x80, 0x00, 0x3F, 0xF0, 0x00,
  0x00, 0xFE, 0x00, 0x00, 0xC7, 0xC0, 0x00, 0x1E, 0x00, 0x00, 0x03, 0xF0,
  0x00, 0x00, 0x3F, 0x00, 0x00, 0x03, 0xF0, 0x00, 0x00, 0x3F, 0x00, 0x00,
  0x03, 0xF0, 0x00, 0x00, 0x3F, 0x00, 0x00, 0x03, 0xF0, 0x00, 0x00, 0x3F,
  0x00, 0x00, 0x03, 0xF0, 0x00, 0x00, 0x3F, 0x00, 0x00, 0x03, 0xF0, 0x00,
  0x00, 0x3F, 0x00, 0x00, 0x03, 0xF0, 0x00, 0x00, 0x3F, 0x00, 0x00, 0x03,
  0xF0, 0x00, 0x00, 0x3F, 0x00, 0x00, 0x03, 0xF0, 0x00, 0x00, 0x3F, 0x00,
  0x00, 0x03, 0xF0, 0x00, 0x00, 0x1F, 0x00, 0x01, 0xF8, 0xE0, 0x00, 0x3F,
  0xC4, 0x00, 0x07, 0xFE, 0x00, 0x00, 0xFF, 0xF0, 0x00, 0x03, 0xFC, 0x40,
  0x00, 0x1F, 0x8E, 0x00, 0x00, 0x01, 0xF0, 0x00, 0x00, 0x1F, 0x00, 0x00,
  0x03, 0xF0, 0x00, 0x00, 0x3F, 0x00, 0x00, 0x03, 0xF0, 0x00, 0x00, 0x3F,
  0x00, 0x00, 0x03, 0xF0, 0x00, 0x00, 0x3F, 0x00, 0x00, 0x03, 0xF0, 0x00,
  0x00, 0x3F, 0x00, 0x00, 0x03, 0xF0, 0x00, 0x00, 0x3F, 0x00, 0x00, 0x03,
  0xF0, 0x00, 0x00, 0x3F, 0x00, 0x00, 0x03, 0xF0, 0x00, 0x00, 0x3F, 0x00,
  0x00, 0x03, 0xF0, 0x00, 0x00, 0x3F, 0x00, 0x00, 0x03, 0xF0, 0x00, 0x00,
  0x3F, 0x00, 0x00, 0x01, 0xE0, 0x00, 0x00, 0x0C, 0x7C, 0x00, 0x00, 0x4F,
  0xE0, 0x00, 0x03, 0xFF, 0x00, 0x00, 0x3F, 0xF8, 0x00, 0x01, 0xFF, 0xC0,
  0x00, 0x07, 0xFE, 0xFF, 0xFF, 0xFF, 0xFF, 0xFF, 0xFF, 0xFF, 0xFF, 0xFF,
  0xFF, 0xFF, 0xFF, 0xFF, 0xFF, 0xFF, 0xFF, 0xFF, 0xFF, 0xFF, 0xFF, 0xFF,
  0xFF, 0xFF, 0xFF, 0xFF, 0xFF, 0xFF, 0xFF, 0xFF, 0xFF, 0xFF, 0xFF, 0xFF,
  0xFF, 0xFF, 0xFF, 0xFF, 0xFF, 0xFF, 0xFF, 0xFF, 0xFF, 0xFF, 0xFF, 0xFF,
  0xFF, 0xFF, 0xFF, 0xFF, 0xFF, 0xFF, 0xFF, 0xFF, 0xFF, 0xFF, 0xFF, 0xFF,
  0x7F, 0xE0, 0x00, 0x07, 0xFE, 0x00, 0x00, 0x7F, 0xE0, 0x00, 0x07, 0xFC,
  0x00, 0x00, 0x7F, 0x00, 0x00, 0x07, 0xC6, 0x00, 0x00, 0x01, 0xE0, 0x00,
  0x00, 0x7E, 0x00, 0x00, 0x0F, 0xC0, 0x00, 0x01, 0xF8, 0x00, 0x00, 0x3F,
  0x00, 0x00, 0x07, 0xE0, 0x00, 0x00, 0xFC, 0x00, 0x00, 0x1F, 0x80, 0x00,
  0x03, 0xF0, 0x00, 0x00, 0x7E, 0x00, 0x00, 0x0F, 0xC0, 0x00, 0x01, 0xF8,
  0x00, 0x00, 0x3F, 0x00, 0x00, 0x07, 0xE0, 0x00, 0x00, 0xFC, 0x00, 0x00,
  0x1F, 0x80, 0x00, 0x03, 0xF0, 0x00, 0x00, 0x7E, 0x00, 0x00, 0x0F, 0xC0,
  0x00, 0x01, 0xF8, 0x00, 0x00, 0x3E, 0x00, 0x00, 0x03, 0x9F, 0x80, 0x00,
  0x27, 0xF8, 0x00, 0x03, 0xFF, 0xC0, 0x00, 0x7F, 0xF8, 0x00, 0x13, 0xFC,
  0x00, 0x07, 0x3F, 0x00, 0x01, 0xF0, 0x00, 0x00, 0x3E, 0x00, 0x00, 0x07,
  0xE0, 0x00, 0x00, 0xFC, 0x00, 0x00, 0x1F, 0x80, 0x00, 0x03, 0xF0, 0x00,
  0x00, 0x7E, 0x00, 0x00, 0x0F, 0xC0, 0x00, 0x01, 0xF8, 0x00, 0x00, 0x3F,
  0x00, 0x00, 0x07, 0xE0, 0x00, 0x00, 0xFC, 0x00, 0x00, 0x1F, 0x80, 0x00,
  0x03, 0xF0, 0x00, 0x00, 0x7E, 0x00, 0x00, 0x0F, 0xC0, 0x00, 0x01, 0xF8,
  0x00, 0x00, 0x3F, 0x00, 0x00, 0x07, 0xE0, 0x00, 0x00, 0xFC, 0x00, 0x00,
  0x0F, 0x00, 0x00, 0xF8, 0xC0, 0x00, 0x3F, 0x90, 0x00, 0x0F, 0xF8, 0x00,
  0x03, 0xFF, 0x00, 0x00, 0xFF, 0xC0, 0x00, 0x3F, 0xF0, 0x00, 0x00, 0x00,
  0x00, 0x00, 0x01, 0x07, 0xE0, 0x00, 0x03, 0x1F, 0xFC, 0x00, 0x07, 0x7F,
  0xFF, 0x80, 0x0F, 0xFF, 0xFF, 0xF0, 0x3F, 0xFF, 0xFF, 0xFF, 0xFF, 0xFF,
  0xFF, 0xFF, 0xFF, 0xFF, 0xFF, 0xFF, 0xFF, 0xFC, 0x1F, 0xFF, 0xFF, 0xF0,
  0x07, 0xFF, 0xFE, 0xE0, 0x01, 0xFF, 0xF8, 0xC0, 0x00, 0x3F, 0xE0, 0x80,
  0x00, 0x00, 0x00 };

const GFXglyph DSDIGI48pt7bGlyphs[] PROGMEM = {
  {     0,   1,   1,  22,    0,    0 },   // 0x20 ' '
  {     1,   6,  68,  25,    9,  -59 },   // 0x21 '!'
  {    52,  16,  15,  26,    5,  -59 },   // 0x22 '"'
  {    82,  42,  50,  48,    1,  -54 },   // 0x23 '#'
  {   345,  36,  85,  46,    5,  -72 },   // 0x24 '$'
  {   728,  47,  60,  57,    5,  -59 },   // 0x25 '%'
  {  1081,  41,  60,  46,    5,  -59 },   // 0x26 '&'
  {  1389,   6,  15,  17,    5,  -59 },   // 0x27 '''
  {  1401,  20,  60,  30,    5,  -59 },   // 0x28 '('
  {  1551,  20,  60,  30,    5,  -59 },   // 0x29 ')'
  {  1701,  27,  31,  37,    5,  -59 },   // 0x2A '*'
  {  1806,  28,  29,  39,    5,  -43 },   // 0x2B '+'
  {  1908,   6,  16,  17,    5,   -5 },   // 0x2C ','
  {  1920,  29,   6,  39,    5,  -32 },   // 0x2D '-'
  {  1942,   6,   6,  17,    5,   -5 },   // 0x2E '.'
  {  1947,  38,  59,  43,    3,  -59 },   // 0x2F '/'
  {  2228,  36,  60,  46,    5,  -59 },   // 0x30 '0'
  {  2498,   6,  58,  25,    9,  -58 },   // 0x31 '1'
  {  2542,  36,  60,  46,    5,  -59 },   // 0x32 '2'
  {  2812,  35,  60,  46,    6,  -59 },   // 0x33 '3'
  {  3075,  36,  58,  46,    5,  -58 },   // 0x34 '4'
  {  3336,  36,  60,  46,    5,  -59 },   // 0x35 '5'
  {  3606,  36,  60,  46,    5,  -59 },   // 0x36 '6'
  {  3876,  35,  59,  46,    6,  -59 },   // 0x37 '7'
  {  4135,  36,  60,  46,    5,  -59 },   // 0x38 '8'
  {  4405,  36,  60,  46,    5,  -59 },   // 0x39 '9'
  {  4675,   6,  50,  21,    7,  -49 },   // 0x3A ':'
  {  4713,   6,  60,  21,    7,  -49 },   // 0x3B ';'
  {  4758,  24,  41,  34,    5,  -49 },   // 0x3C '<'
  {  4881,  29,  18,  39,    5,  -38 },   // 0x3D '='
  {  4947,  24,  41,  34,    4,  -49 },   // 0x3E '>'
  {  5070,  36,  68,  46,    5,  -59 },   // 0x3F '?'
  {  5376,  44,  60,  54,    5,  -59 },   // 0x40 '@'
  {  5706,  36,  60,  46,    5,  -59 },   // 0x41 'A'
  {  5976,  36,  60,  46,    5,  -59 },   // 0x42 'B'
  {  6246,  36,  60,  46,    5,  -59 },   // 0x43 'C'
  {  6516,  36,  60,  46,    5,  -59 },   // 0x44 'D'
  {  6786,  36,  60,  46,    5,  -59 },   // 0x45 'E'
  {  7056,  36,  59,  46,    5,  -59 },   // 0x46 'F'
  {  7322,  36,  60,  46,    5,  -59 },   // 0x47 'G'
  {  7592,  36,  60,  46,    5,  -59 },   // 0x48 'H'
  {  7862,   6,  59,  25,    9,  -59 },   // 0x49 'I'
  {  7907,  36,  60,  46,    5,  -59 },   // 0x4A 'J'
  {  8177,  36,  60,  46,    5,  -59 },   // 0x4B 'K'
  {  8447,  36,  60,  46,    5,  -59 },   // 0x4C 'L'
  {  8717,  36,  60,  46,    5,  -59 },   // 0x4D 'M'
  {  8987,  36,  60,  46,    5,  -59 },   // 0x4E 'N'
  {  9257,  36,  60,  46,    5,  -59 },   // 0x4F 'O'
  {  9527,  36,  59,  46,    5,  -59 },   // 0x50 'P'
  {  9793,  36,  60,  46,    5,  -59 },   // 0x51 'Q'
  { 10063,  36,  59,  46,    5,  -59 },   // 0x52 'R'
  { 10329,  36,  60,  46,    5,  -59 },   // 0x53 'S'
  { 10599,  36,  59,  46,    5,  -59 },   // 0x54 'T'
  { 10865,  36,  60,  46,    5,  -59 },   // 0x55 'U'
  { 11135,  36,  59,  46,    5,  -59 },   // 0x56 'V'
  { 11401,  36,  60,  46,    5,  -59 },   // 0x57 'W'
  { 11671,  36,  60,  46,    5,  -59 },   // 0x58 'X'
  { 11941,  36,  60,  46,    5,  -59 },   // 0x59 'Y'
  { 12211,  36,  60,  46,    5,  -59 },   // 0x5A 'Z'
  { 12481,  20,  60,  30,    5,  -59 },   // 0x5B '['
  { 12631,  37,  59,  43,    3,  -59 },   // 0x5C '\'
  { 12904,  20,  60,  30,    5,  -59 },   // 0x5D ']'
  { 13054,  32,  20,  42,    5,  -59 },   // 0x5E '^'
  { 13134,  34,   6,  38,    2,   11 },   // 0x5F '_'
  { 13160,  11,  13,  21,    5,  -59 },   // 0x60 '`'
  { 13178,  36,  60,  46,    5,  -59 },   // 0x61 'a'
  { 13448,  36,  60,  46,    5,  -59 },   // 0x62 'b'
  { 13718,  36,  60,  46,    5,  -59 },   // 0x63 'c'
  { 13988,  36,  60,  46,    5,  -59 },   // 0x64 'd'
  { 14258,  36,  60,  46,    5,  -59 },   // 0x65 'e'
  { 14528,  36,  59,  46,    5,  -59 },   // 0x66 'f'
  { 14794,  36,  60,  46,    5,  -59 },   // 0x67 'g'
  { 15064,  36,  60,  46,    5,  -59 },   // 0x68 'h'
  { 15334,   6,  59,  25,    9,  -59 },   // 0x69 'i'
  { 15379,  36,  60,  46,    5,  -59 },   // 0x6A 'j'
  { 15649,  36,  60,  46,    5,  -59 },   // 0x6B 'k'
  { 15919,  36,  60,  46,    5,  -59 },   // 0x6C 'l'
  { 16189,  36,  60,  46,    5,  -59 },   // 0x6D 'm'
  { 16459,  36,  60,  46,    5,  -59 },   // 0x6E 'n'
  { 16729,  36,  60,  46,    5,  -59 },   // 0x6F 'o'
  { 16999,  36,  59,  46,    5,  -59 },   // 0x70 'p'
  { 17265,  36,  60,  46,    5,  -59 },   // 0x71 'q'
  { 17535,  36,  59,  46,    5,  -59 },   // 0x72 'r'
  { 17801,  36,  60,  46,    5,  -59 },   // 0x73 's'
  { 18071,  36,  59,  46,    5,  -59 },   // 0x74 't'
  { 18337,  36,  60,  46,    5,  -59 },   // 0x75 'u'
  { 18607,  36,  59,  46,    5,  -59 },   // 0x76 'v'
  { 18873,  36,  60,  46,    5,  -59 },   // 0x77 'w'
  { 19143,  36,  60,  46,    5,  -59 },   // 0x78 'x'
  { 19413,  36,  60,  46,    5,  -59 },   // 0x79 'y'
  { 19683,  36,  60,  46,    5,  -59 },   // 0x7A 'z'
  { 19953,  28,  60,  36,    3,  -59 },   // 0x7B '{'
  { 20163,   6,  76,  23,    8,  -59 },   // 0x7C '|'
  { 20220,  27,  60,  36,    5,  -59 },   // 0x7D '}'
  { 20423,  32,  13,  42,    5,  -34 } }; // 0x7E '~'

const GFXfont DSDIGI48pt7b PROGMEM = {
  (uint8_t  *)DSDIGI48pt7bBitmaps,
  (GFXglyph *)DSDIGI48pt7bGlyphs,
  0x20, 0x7E, 94 };

// Approx. 21147 bytes
